latitude,longitude,distance_km,demand,accessibility
26.80483444278505,80.86421404614492,9.883383439859285,42,0.09188319106148568
27.012257150307573,80.85891236766592,20.17577600914211,21,0.04722377114152866
26.933517819052106,81.09625164898758,17.222248044953393,37,0.05487797101285467
26.885517054310935,80.85983663194583,9.776627974872603,27,0.09279340460964754
26.72616671055928,80.86790190140631,16.000369392037616,29,0.05882225126639692
26.726158027321034,81.04338337447047,16.599714735684994,20,0.05681910275354694
26.690910100380552,80.9319063432822,17.780954955573502,25,0.05324542880622992
26.981823412478978,81.04961580050387,17.67517281758531,6,0.0535470279053246
26.886401404227556,80.79353181672319,16.039402918962637,36,0.058687502417536605
26.924906128006576,80.94552562972243,8.340993384128556,2,0.10705499499647622
26.67741041794649,80.78210089606598,25.41985661034969,22,0.03785031897592741
27.01916754677832,80.79255515324392,24.442713309406706,32,0.03930398412461296
26.969679350688153,81.09631748320399,19.687045538522145,16,0.04833943049711286
26.74644207984418,80.82012833360234,17.28445494597801,18,0.05469126659528715
26.735456988194557,80.96167144561907,12.789178770815308,5,0.07252063495735456
26.73602562354724,80.91799441693625,13.06546242044385,36,0.07109613392777768
26.779527207465435,80.89504359745318,9.547244701484448,30,0.09481149137075176
26.858912315387606,81.09394000444742,14.313672620370637,45,0.06530112173547283
26.825500206711162,80.77785642283918,17.29563057741934,19,0.054657859195856875
26.774842490471297,81.00896428702322,10.20211655952571,23,0.08926884439080854
26.890267042100056,81.11682199631689,17.142087128612868,34,0.05512044964346169
26.720217789834738,80.97166054604627,14.59041824958938,13,0.06414196104240744
26.77517207347268,81.10725608633192,17.68560311344587,43,0.05351713797669262
26.80189026358573,80.78881283654297,16.865238227521782,29,0.0559746244222749
26.834185194318135,80.9207655948667,3.3919200914791667,36,0.22769084572829906
26.952663346101485,80.86365680474634,14.269701556952203,22,0.06548916468800964
26.74188256157701,81.03309554739306,14.579239269334364,47,0.06418798650639929
26.855124397828902,81.12326695257902,17.198384994509308,36,0.054949931013203265
26.883269244790338,80.86235082247993,9.44847306671889,9,0.09570776453310299
26.6867221485792,81.00550285653067,18.973432241805796,39,0.05006650774356797
26.88871614668452,80.84131514779351,11.60827504078068,19,0.07931299061652465
26.731388684527428,80.97351889164578,13.393984719906546,38,0.06947346544122861
26.693418573474702,80.9370156952078,17.458711480260433,6,0.054174962378570696
27.011598793411203,81.11992191866736,24.630304555910982,47,0.03901631359153613
27.017627531906843,80.98906981817073,19.03748436210511,15,0.049906464400850635
26.961023045321927,80.89582229395126,13.46344169223239,20,0.06913983692671512
26.779660956902415,80.81107448255966,15.850751983271676,9,0.05934453257591913
26.7051619610423,80.82444885834458,20.364648739936413,32,0.04680629258981097
26.916323889544376,80.85111409478245,12.270793068358413,4,0.07535344683991062
26.82845489774626,80.86034799808252,9.211945667538124,18,0.09792453197031922
26.713933764544123,81.0762217808228,19.644455378174527,5,0.048439156261647257
26.84826368764006,80.97204020378172,2.195071489741999,20,0.3129820422518151
26.68237986760148,80.95842072809478,18.65724825555892,23,0.050871820256795486
26.997355344748364,80.81131679387292,21.38971054195215,11,0.04466337329936782
26.763160793376006,81.0796502896058,16.0873869248767,37,0.05852269890044735
26.908508022367435,81.03021314915506,10.277061014359386,22,0.0886755865492501
26.78221598739219,80.794360610284,17.186135446273585,4,0.05498694337531199
26.857224487624013,81.02482063500273,7.465855378229715,29,0.11812155480136595
26.86681570056358,80.96567375824335,2.4318181373762475,44,0.29139073225032175
26.73654760398919,80.79942112446885,19.558351258249072,34,0.048642032983980094
27.019050465995242,80.93498823095032,18.856369381652158,13,0.05036167391829586
26.94904781641,80.94449066336682,11.027156523123097,42,0.08314517218408408
27.00821961896311,80.82967883445878,21.25575905189044,9,0.04493219025549517
26.992137846153955,81.1104513329201,22.424541080774873,42,0.0426902707101795
26.885243992371993,81.07599113373304,13.097338764143691,31,0.07093537416746207
27.001874724608324,81.01084804143848,17.932805416795834,7,0.052818374138724915
26.70185730073869,80.93642640196022,16.52773698169236,4,0.057052430729905144
26.740553830470894,80.91823559497043,12.571614205788679,19,0.07368320266379748
26.686281824007796,81.00435044817435,18.987463012624893,42,0.050031362127767764
26.787118919074775,80.96635547298649,7.17795895024542,30,0.122279899677167
26.809923824288216,80.79241831811748,16.258629256034528,31,0.05794202918232033
26.767685651438605,80.95450095355733,9.163831319651141,35,0.09838809485814289
26.968345503294696,81.06030530220383,17.111282682682678,21,0.05521420086696356
26.798431197609695,80.9353263559349,5.916168100690142,31,0.14458873547336323
26.77113642348746,80.78870436791954,18.251897435052328,19,0.05194293203428766
26.865370589936973,81.05306015177825,10.365494495300327,31,0.08798561298089613
26.720732720990917,80.84249096156896,17.90235535012335,32,0.05290345999095157
26.958790913071457,80.8631035005597,14.852048253177117,2,0.06308333055948002
26.69683823172472,80.82929428723563,20.824023809755957,10,0.04582106437919902
27.025279297176187,80.88887742335375,20.41027432223065,2,0.0467065477513141
26.9480081169468,81.04243054204791,14.240029654071511,2,0.0656166702230032
26.741537645352302,80.95697890942142,12.080339408708355,24,0.07645061559597154
26.671987962164497,80.84375725869425,22.429240023001324,17,0.042681708797138285
26.96356611424374,81.08601882813474,18.476260623043203,32,0.05134455835001802
26.924468643785143,81.08664946778255,15.881688263832427,16,0.059235781657123385
26.932442580494758,81.08340823301657,16.095856443896118,16,0.05849370596212737
26.947657324806944,80.85596663609736,14.313245237685656,46,0.06530294424718124
26.696656074624276,80.93244616390515,17.13988565296155,39,0.05512713911935483
26.79904766227594,81.12459627621072,18.22796816924205,31,0.05200757517373294
26.71171286142905,81.0479244914716,18.191746560025354,43,0.05210573185052934
26.980717233315215,80.7797802716412,22.273543035925616,24,0.04296724389820558
26.894387325657924,80.79347365285378,16.29115238925672,1,0.05783304533371163
26.789123288946953,80.93701529565244,6.890726209072712,11,0.1267310477520061
26.69288100610297,81.09731927411016,22.78438620885537,21,0.04204438959318956
26.78195363581764,80.96393264726298,7.6916997690379025,4,0.11505229432363279
26.78706599592963,80.94921250289235,6.998378292883327,7,0.12502534431132928
26.932658224201706,80.8079705319844,16.818754246459157,26,0.05612064604340757
26.89952068968788,81.00644083770075,7.852378982785034,47,0.11296398425154087
26.98939658732748,81.06595713781608,19.298440938286248,12,0.04926486733834977
26.839997373058303,80.90695120270273,4.413390180725366,31,0.1847271241523561
26.71305392853779,81.04922026633312,18.135380618420193,17,0.05225921657588432
26.92676812340028,81.1172115954043,18.651056166519407,33,0.0508878500741225
26.943882617502084,80.84335592528598,14.859976972950552,11,0.06305179394052818
26.87205979112502,80.95839866723011,2.590559830215907,28,0.27850810104447365
26.947548184783642,80.87336966491046,13.243839268525889,32,0.07020579080877898
26.847766414691183,81.05542759085219,10.46223005184694,1,0.08724305789333439
26.85818381857752,80.97793361171722,2.9167073497065727,47,0.25531649692308944
26.82391476660908,80.99844967031811,5.614399466101442,28,0.1511853048980431
26.679150885627877,81.05724909746172,21.778080585912825,42,0.04390185539243606
26.70884091371759,80.91254937015849,16.13043927945971,7,0.058375619193785186
26.681314506847226,81.09943242462654,23.91495025561513,2,0.04013654411269106
26.899107748054963,80.96189039220862,5.586438657617287,42,0.15182711811086091
26.78316815318748,80.82686373622073,14.301888492924487,24,0.06535141074007922
26.853085448819293,81.02052368254077,7.004770464407758,4,0.12492550591505137
26.996723930613395,81.05557408615778,19.383859342465765,44,0.04905842329458664
26.759745202493598,80.8840342037443,11.982510715163794,19,0.07702670322713333
26.81773785229283,81.07858453251956,13.25308903126797,26,0.07016022967415919
26.9419984098755,81.09621157171568,17.74482467168129,11,0.05334805833157502
26.752367339576985,80.86968561545602,13.468419398270079,40,0.06911605010009354
26.697712767538366,81.12406773017749,24.194149232050588,43,0.039691755049535704
26.774310523048957,80.82065615009756,15.34927046391071,11,0.06116480868105978
26.728039663411444,80.8427256406249,17.242190734067467,45,0.054817977433625355
27.00469115484333,80.8363209421257,20.564149410831693,3,0.046373264298460996
26.96092333664319,81.09183629560283,18.70653004423445,12,0.05074460078742125
26.898025352343755,81.005545318837,7.672689172867126,3,0.11530448976870313
26.98372581246758,80.82475754196003,19.372733624517462,42,0.0490852145043783
26.959321947683684,80.9285164306126,12.341296836916529,27,0.07495523203058589
26.737165221198975,80.99150728902514,13.205752502127329,49,0.07039401818736803
26.991321239456393,80.80004707059618,21.63254778489457,2,0.044184155027717234
26.864163207089636,81.08766989262665,13.747497453854727,49,0.06780811477533893
26.960678455859064,81.05929727275895,16.398676886000484,16,0.05747563487454791
26.99259286797246,80.9518744384876,15.856692557001756,2,0.059323618593531885
26.784481250989874,81.1181655814933,18.209004446714765,30,0.05205891865838085
26.709618692829967,80.92039395253904,15.88394891940985,20,0.05922785035498398
26.7520566585151,81.12427971485315,20.440287708053187,38,0.04664116515677119
26.823758803905452,81.0104511995693,6.669989704122215,28,0.1303782714939699
26.964485315732098,80.99848165837142,13.607634700946248,25,0.06845735264280824
26.979863009972284,80.82974376230649,18.726583101072627,32,0.05069301636661168
26.67250276699123,81.08749399298968,23.997761871236612,10,0.040003581326640225
26.853869028927924,80.92389628765143,2.6251253651556197,42,0.2758525290220058
26.820267961133563,80.8284040260817,12.509554649600842,40,0.07402168509156194
26.749958811769464,80.77453870719128,20.664391782220935,33,0.04615869257038909
26.713151532240126,80.97151204610982,15.365961817632078,13,0.061102427779260574
26.791541461705307,80.95986386396416,6.573575458359269,41,0.13203803216831472
27.00944749340851,81.0289673040529,19.38120335014146,42,0.049064816381072976
26.786353055527474,81.09049289908641,15.63526479617988,47,0.0601132601285457
26.856764623827612,80.7985863704715,15.03969800772138,37,0.06234531345406928
26.923086825202265,81.03333873652254,11.5913183874949,16,0.0794198009473855
26.800906656856547,80.83746829987513,12.429316134144276,45,0.07446395557384208
27.019841549779546,81.07894373913658,22.804733693071963,22,0.04200845146572827
27.01648102617916,81.0648628649902,21.733573713247385,20,0.04398780467222699
26.760641626497133,80.9646857517948,10.042527245244427,43,0.09055897964215211
26.84900946212126,81.02568740750439,7.5095782253073695,27,0.11751463745006935
26.77831619153404,80.88316604074615,10.369428151077312,41,0.08795517124625524
26.77254257797589,80.93962044361582,8.674251148190779,16,0.1033671738186179
26.683279301047634,81.06578928317577,21.81339175463217,34,0.04383390294417549
26.889443160232766,80.93533547098237,4.620792319868467,32,0.17791086079896318
26.85096444836239,80.89880737551717,5.0797887102606145,26,0.16447940013315598
26.688532350449996,80.94791648101011,17.955574921327162,25,0.05275492851841107
26.77031272712518,81.0681697308774,14.698515578201624,2,0.06370029032481025
26.996975718947997,80.89067489705351,17.369109302524073,12,0.05443922095137141
26.756242280640112,80.83255417352888,15.638343703515769,40,0.060102136235393115
26.72216215395284,81.02632504731909,16.107878120403075,9,0.05845260253563457
26.846202993699926,81.06735215657491,11.65002983896488,12,0.07905119693234079
27.024834163479817,80.80622949226847,24.105187769011426,26,0.03983240472849
26.757139897744143,80.85635468059215,13.892361488850698,9,0.06714851776520864
26.911968797066116,80.82110991631396,14.522188118736144,10,0.06442390675532043
26.94418306151834,80.89525890816958,11.795976403246883,32,0.07814956580775326
26.755549515837266,80.93212635240594,10.651176232801749,34,0.08582824429216712
26.93215788550027,81.0395774813068,12.742634647698823,48,0.0727662508416789
26.802401927778934,81.00441313055741,7.5607435223428485,20,0.11681228358145304
26.89763009901369,80.99353428429224,6.833387188549008,39,0.1276586967974491
26.898070695873923,80.89685498077948,7.507157997432949,2,0.11754806955527945
26.862878886266916,81.07292111911052,12.277772178611857,1,0.0753138392908129
26.70250431721959,80.93966338026334,16.43284094028583,36,0.057362996853202744
26.970708898412127,81.12247777768546,21.740076415294855,24,0.0439752260167167
26.785480823389825,80.99829116978647,8.627535770603664,27,0.10386873898234274
26.73714666374395,80.81545530696323,18.325164477235862,2,0.05174600201607356
26.684679050959716,81.01342392234716,19.431355784878026,31,0.048944377971242396
26.882721459547767,80.88703744555542,7.227992517864509,14,0.12153632831201695
26.913923170263224,81.017077790807,9.735573513397146,2,0.09314826066367848
26.675971618414028,80.79507081333847,24.719755942256146,29,0.03888061777277812
26.85435350098774,80.83295731738335,11.621342774963308,15,0.07923087248558679
26.751538479071257,81.07806541320609,16.775743704955453,12,0.05625643667000126
26.902262204547405,80.85178464052846,11.343121897603742,37,0.0810167807055472
26.7327719144418,81.07133480508746,17.747163561418816,28,0.05334140264599678
26.91873758571689,80.8705393918436,10.978367495425617,20,0.08348383036184914
26.809224724668194,81.00143748762113,6.8269227297435995,39,0.12776413343137205
27.007222795945225,81.01989420646355,18.80550721713626,24,0.05049100682131347
26.719507539892557,80.95455571113222,14.517144721452965,21,0.06444484587537982
26.792783886378096,80.87991184361083,9.425973475858836,10,0.09591430501098847
26.710850467646612,80.8465519754936,18.57038758113594,46,0.05109760835620386
27.002889702580283,80.78194816764248,23.80329724813862,14,0.0403172203274323
26.985842167217154,80.87942070444666,16.647178231640662,37,0.056666283236548334
26.762858985977456,81.00513860459127,11.128100958927401,18,0.08245313948049779
26.907594256572306,81.10778973464146,16.90954889984073,24,0.0558361355493936
26.964199992072437,81.08363361361471,18.3529963524744,14,0.05167158520505502
26.869872292175806,81.04578331955271,9.755124786580167,34,0.09297893049532645
26.860674208208163,81.0538410435712,10.369448712982724,12,0.08795501217733666
26.757066824724163,81.00939456525136,11.896798244252118,22,0.07753862478585977
26.703516996410126,80.86370326872377,18.403647420338316,6,0.0515367022672155
26.9929976728632,81.0965902110541,21.541939944774985,36,0.044361754243418206
26.9941505005788,81.01146363228611,17.148069987348205,45,0.05510227813189737
26.897916524618378,80.97175862715297,5.748566225915122,36,0.14817962312645122
26.792050724777532,80.80995620891686,15.318123534096292,22,0.06128155592832264
26.79571544686056,80.93093999577032,6.325542682071838,14,0.13650865791108546
26.93134404439329,80.93572897763269,9.155099952933943,16,0.0984726890562103
26.99295969358293,81.08124289942816,20.54282242273612,36,0.04641917295593581
26.989351112735445,80.96679335926761,15.58433416916667,25,0.060297868446186044
26.950755196508744,80.90694419762934,11.989439580844655,32,0.07698561541289942
26.901131392615547,81.12164811826383,17.949154266300297,33,0.05277280378567754
26.70029038739822,80.80985941359748,21.694893491445953,45,0.04406277563615423
26.728186337074064,80.9221174341923,13.824923381268835,36,0.06745397424876351
26.99347950786975,80.7851288830617,22.841378190417572,20,0.04194388394887021
26.888314461477453,81.0363654834761,9.567544807878312,18,0.09462935981633884
26.673310938581988,81.10050755879169,24.683939837670852,38,0.03893483656791983
26.706529755431774,80.87081343863818,17.784722532241826,3,0.05323474958353069
26.908860636878902,81.07900300364768,14.371548347754734,23,0.06505525516211685
26.67182217018464,80.87519856296629,21.15867249455069,32,0.04512905726847681
26.7278908985103,81.09787725819182,19.995372251510034,45,0.047629543692804865
26.86754416417197,81.04142628529485,9.276881742009634,16,0.09730578059609461
26.919082271169373,81.05976643966292,13.323603618937232,5,0.06981483337600185
26.904706053420938,80.77648236001616,18.25345890520239,4,0.05193871942302245
26.750736951405802,81.11661172854666,19.881586513902178,21,0.04788908157597305
26.926384519685115,81.03160155714532,11.731709897867194,40,0.07854404538132927
26.75540967149885,80.87971039433901,12.621180793246106,14,0.0734150743007418
26.787143891337337,81.06858207934918,13.686607133639848,39,0.06808924558957447
26.93873690584249,80.87134763142937,12.577628548912767,31,0.07365056396980865
26.903867843657,81.08419138224382,14.595310635578295,14,0.06412183914558613
26.975720427777905,80.8105289405483,19.663734400696534,6,0.04839396309537796
26.906740641228126,81.02332695188589,9.628064751912268,12,0.09409050691190735
26.87459109720077,80.96465145159218,3.0966533473616487,16,0.24410168867327425
26.703722916418116,80.80475240927036,21.736231253490388,17,0.04398266312700718
26.802377689101398,80.85708177817318,10.632545165576586,45,0.08596570963328243
26.765472852365424,80.77446545305983,19.794567711402646,23,0.048089482497472295
26.757836271616473,80.93875646756723,10.308713354665677,14,0.08842738945075714
27.02028379971088,80.8784554938736,20.219409354608644,7,0.04712666518131948
26.811515180880036,80.9854086943472,5.5368309452269076,46,0.15297932719679472
26.991136759863764,80.8770056107751,17.281979206740566,32,0.054698672867503316
26.897209905359016,80.87797088014251,8.865582156802818,15,0.1013624927658678
26.956132069274993,81.03754955154338,14.650587790692954,44,0.06389536376356912
26.85094935351787,80.78733142095221,16.13817487840234,17,0.05834927039169193
26.87768539846549,81.09504219826911,14.71313648314247,41,0.06364101788798375
26.847306369774792,81.07681499478083,12.58467776802167,47,0.0736123459883605
26.740287475607296,81.0104096859615,13.59334266879375,44,0.06852439654818696
26.930082761494145,80.98355976523867,9.506432980428725,34,0.09517978193577113
26.77107805047871,81.09122889933028,16.53650787418307,5,0.057023895930396834
26.678753747915326,80.83671886463034,22.115088674498413,45,0.04326178515175865
26.902370026526583,80.7984288983887,16.12190156838739,27,0.058404727769626116
26.73375984458654,80.85622366116743,15.928080939164472,23,0.059073441555115666
27.00856509036705,81.05604818033207,20.528157127604562,40,0.04645079437467252
27.013414287720934,80.78248129602154,24.616522902716333,14,0.03903730431322362
26.999351180479362,80.97981046063006,16.868025591008866,15,0.05596589253281554
26.80325713209196,81.12835750582887,18.445434485139245,43,0.05142595300527887
26.675564381950394,81.07805059378151,23.191525578265455,33,0.041336789478809734
27.004194682531583,80.9577204480557,17.16274208968765,31,0.0550577657856946
26.824146293394236,80.7929107273432,15.849074174140917,35,0.05935044202812924
27.017995734855724,81.06929446517886,22.109014469248486,17,0.04327315651347725
27.01690319175213,80.9856322629438,18.891961896635156,28,0.05027156221172714
26.97708340396825,80.81137587894145,19.713065805775127,19,0.048278705304995666
26.77600160114505,80.80378862253642,16.68061803033852,46,0.056559108866221786
26.808635182296694,81.09746565499718,15.33822025257323,23,0.061206176960584335
26.97640920174607,81.01091209465771,15.298657221065284,32,0.061354747598933786
26.784091921856263,81.06854324775404,13.85984286947942,40,0.06729546259563057
26.731017388806993,81.08643240410161,18.93226236839108,13,0.05016991957650613
26.870448454485008,80.9758380467374,3.426285350130652,20,0.2259230756486323
27.007015718697883,80.95628068663181,17.470450754027503,35,0.054140530370215725
26.920570726802993,80.92495386771556,8.230871825477735,5,0.10833212928381723
26.875222021232172,80.8841007716048,7.11317703430603,9,0.12325627750652629
26.704983537757478,80.92645454590914,16.29361825606536,29,0.05782479902083369
26.891402601611702,81.04859667606286,10.809133756197888,6,0.08468021623306295
27.026419386037535,80.98669243516545,19.951300503414444,25,0.047729734000857345
26.72043024548515,81.09130838438375,20.107903375671498,31,0.04737561955833936
26.856598674850947,80.92961680517651,2.151108232893566,22,0.31734866786271276
26.985854305894065,80.98855224833875,15.582395175349301,2,0.060304919128122
26.936676702391516,80.99727071911312,10.717587791498223,45,0.0853417971167715
26.920925666758297,80.98301097843029,8.539114621071633,5,0.10483153203663456
26.92289427023536,81.02294815831078,10.864569708808439,27,0.0842845568396454
26.799416814439112,80.85547604861493,10.936730038530195,25,0.08377503694664548
26.77569306393522,80.95445095991649,8.274352741991981,8,0.10782423612941168
26.961370015972268,80.807520929011,18.78717803248156,1,0.05053777746167008
26.961640822084508,80.90842407795213,13.080539946191099,20,0.07102000376558772
26.98214603468884,80.94556014470366,14.700561125245374,44,0.06369199113476727
26.99876659892033,81.00480073343637,17.411455749886283,23,0.05431401045005235
26.85408326358994,81.11219117893104,16.096650303292574,32,0.05849098988749943
26.850545866087394,80.98623438395741,3.595216430632193,11,0.21761760628594018
26.95738626442804,81.03769380982357,14.771545048644851,39,0.06340532883212502
26.90398701508,80.95225578141827,6.007250091074551,47,0.14270933490353724
26.922708075812775,80.99827745129548,9.396158021295735,24,0.09618938053380648
26.956485360996997,80.79553559780815,19.35985126908431,11,0.04911627235305316
26.990401923054325,80.86158096910307,17.904830444561625,29,0.05289653366278517
26.791678256466554,80.90026711355385,8.149344434503583,26,0.10929744826622184
26.80520986295038,80.94009760780234,5.076436976559447,16,0.16457012618704264
26.703833498342714,80.78643354838086,22.974187120862286,35,0.04171152894397
26.878180850758625,80.8204086751192,13.23121220690575,20,0.07026808296167111
26.68293921856683,80.86965315080488,20.21656730506975,46,0.04713297799880416
26.837615286527686,81.11975176872438,16.897731045469204,3,0.0558730040952956
26.86535206849473,80.8892849225571,6.260208574221923,1,0.13773708975119495
26.773154850766183,80.94353478092036,8.568845728965574,47,0.10450581275157662
26.882699973804844,80.84059517658582,11.44512232650597,1,0.0803527658277952
26.68098008997806,80.98988082558728,19.206698650797712,17,0.049488539284992125
26.683445347949718,80.87104595758575,20.110560505691915,2,0.047369656515296024
26.96613620183748,80.84451732823784,16.61810273127943,29,0.056759800714783315
26.799668630908055,80.95596614624056,5.62781799254955,20,0.15087921863939505
26.71574178455468,80.77198208769775,23.13305907963732,6,0.04143693498201258
26.85800757361973,80.77275905175372,17.605489749266756,8,0.05374757738045622
26.9471976791155,80.84886477127667,14.744216740383054,29,0.06351538577559433
26.747695569898866,80.7832196905003,20.08527639557808,48,0.04742645916700983
26.89424057129484,80.80888927148705,14.835795365055498,33,0.06314807541695557
26.700725087397757,80.89198983376195,17.569231696070293,3,0.05385252423834125
26.6886054196207,81.05893084464874,20.95279836431253,35,0.04555227918576638
26.861287667364536,80.97593751161295,2.86286458274101,5,0.2588752410498481
26.86462864377964,80.95456038134431,1.688368511643691,27,0.37197281387163383
26.899474764539356,80.87565597635492,9.199915914269877,44,0.0980400238987246
26.93139288014016,81.10543133899581,17.87494348243778,12,0.05298029108963699
27.021306748606513,80.91292541484539,19.39976227549913,20,0.04902017908321594
26.855868125388433,80.80135339604648,14.760863096719477,45,0.06344830190220634
26.78626433025885,80.99214394580241,8.22904674661168,20,0.1083535523717156
26.956267030116734,80.81098182165158,18.156427371281524,9,0.05220180050373882
26.767499610454347,80.89428033140861,10.711402644286824,39,0.0853868687101993
26.82802971145403,80.95266829793842,2.4572873663152808,4,0.2892441078931149
26.698244297283217,81.08472010888667,21.531730295495397,19,0.04438185558256583
26.679126267629567,80.94767676892245,19.001692107426614,38,0.04999577008930663
27.016553429284055,81.0228131557714,19.876868337629475,27,0.04789990451764989
26.970952843384396,81.12741406203966,22.14361955366228,45,0.043208453097897496
26.920550714193734,80.81733608316327,15.318347706589005,43,0.061280714075985836
26.81722305998914,80.86890334918704,8.833464665475983,13,0.10169355705429746
26.732385955225507,80.91204738721515,13.609832917242066,13,0.06844705245190254
26.726317335361593,80.92185814427398,14.033706388322893,22,0.06651719636993367
26.760087443339255,80.9179675870956,10.491097758405454,28,0.08702388762366282
26.867721599294203,81.09673996092036,14.689297272592366,47,0.06373771766992395
26.927254532172025,81.02705175200808,11.497202246043633,45,0.08001790963386067
26.907671055618383,80.98884587707266,7.481124797075082,22,0.1179088887295791
26.770776202900542,80.8813741784306,11.134953211043811,43,0.08240658061128059
27.01375150103875,81.06656453831967,21.565638811453397,19,0.04431516467827362
26.935642890010477,81.1138217841346,18.831512892112908,8,0.050424796405608825
26.869567458904104,81.06563138171808,11.675013526668675,8,0.07889537931426778
26.890219468644368,80.77056343786893,18.35150764999419,42,0.051675560276064604
26.821056022474007,80.99910449326603,5.839180468919626,26,0.1462163492460038
26.75918315622042,80.78840873731916,18.951958076150728,48,0.05012039400761046
26.798150164314457,80.86273859932014,10.402767606570329,26,0.08769800758052766
26.942824599767174,80.7914288921252,18.809828635228357,23,0.05047999245292172
26.675181655906712,80.98736636306178,19.7897566047776,43,0.04810061122938757
26.71178615058249,81.01717236885735,16.752883947980845,13,0.05632887608177807
26.68656095112783,80.81121554970373,22.80618547494604,28,0.04200588964798303
26.684662368834832,80.9081819978962,18.847646562104448,9,0.05038380731291952
26.977965810243965,80.934245143224,14.314638211527008,20,0.06529700448602964
26.92331682937681,80.90285908783393,9.397878300682004,19,0.09617346645944196
26.84070257847144,80.81356900017467,13.574919998794586,48,0.06861101124964697
26.705220297834362,80.9208212044675,16.357279913192173,39,0.05761271380085097
26.846981715042062,81.04042409721103,8.977119113855089,12,0.10022933359704142
26.840449837481007,80.79556275923197,15.35869146119064,15,0.0611295837672836
26.732352673167608,80.79886480506948,19.904210682400233,31,0.04783725227386483
26.826186593725673,80.89771766506095,5.8240822669836545,14,0.14653985120288046
26.813461704383055,81.10902125618281,16.293287366784863,11,0.05782590543893322
26.8917060352988,81.01068615282026,7.598652315441761,26,0.11629729442649576
26.898633714312354,81.01432118440212,8.363360967940142,42,0.10679925759820315
26.68630944351794,80.90029119670163,18.85871925752045,27,0.05035571463760446
26.80486054126553,80.98371788483507,6.032166415613534,11,0.14220368815216003
26.895309569657126,80.77364722624999,18.203082170891115,38,0.05207497375165349
26.851129053088833,80.99899457670743,4.862212836211832,34,0.17058404870987268
26.9783363428278,81.09878330112745,20.524722588944137,43,0.04645820617979233
26.907129707382822,80.99052644860414,7.517384635587573,19,0.11740693214930935
26.728656393749315,81.08453149364789,18.9835488823959,6,0.05004116165176895
26.695404749064156,81.0306302999678,18.962494901900527,46,0.050093938904640374
26.901270940154276,80.81340102990534,14.69914678848929,38,0.06369772914877171
26.679544071794986,81.09488319062291,23.794005259387514,49,0.04033232991355359
26.88087920925845,80.79391978396808,15.858351332038993,42,0.059317781454673923
27.008482886912986,80.9622282901172,17.66414137078719,28,0.05357867689349931
26.87717070403532,80.82116936456565,13.131673382506733,1,0.07076302805284734
26.80974117343435,80.77421437986312,18.00759973761013,35,0.052610535459735666
26.901583758639248,80.92193233364596,6.375734523061664,40,0.1355797170943865
26.834971040576946,80.8762146547555,7.508848873593046,8,0.11752471043450656
26.866422044153737,80.94496017776714,1.8932516426242987,47,0.3456318784262259
27.00892733115955,80.97779195922445,17.885406375944957,7,0.05295093894689696
26.80899694960828,80.78574606603122,16.92384150102222,11,0.055791611410029966
27.01602860297661,80.81428118624456,22.844013665946587,39,0.041939247897184964
26.995926231104185,80.97111126272216,16.36069086690029,4,0.05760139430318349
26.740484808524148,80.89354024714216,13.405083353520565,25,0.06941993846606952
26.69497006831506,81.0325024555178,19.085348398136745,12,0.04978753567913051
26.706280080495876,81.0048249934931,16.8822570415334,26,0.055921352527110876
26.676559857234558,81.07441757067637,22.902455867737746,38,0.041836705212778845
26.703999465872137,81.01929741760092,17.6318858558525,46,0.05367143228208904
26.91588243842989,80.92477518786046,7.7411896958567725,12,0.1144009036291695
26.695627913445684,81.01226798406199,18.24454321929347,43,0.05196278179247495
26.784831226905755,80.86913722273195,10.812174335051882,37,0.08465841864800142
26.974155111949006,80.88027285956016,15.439816639257174,46,0.06082792904222955
26.678377896864898,81.05403465757149,21.699407288493997,24,0.04405401371457331
26.963208653732018,80.93071102590457,12.732702057998505,16,0.07281888122065226
26.771467718918426,81.05741692258661,13.780243490549637,13,0.06765788402873008
26.7125393379438,81.06607205452059,19.141299132166996,25,0.04964923034199584
26.920825379531095,81.07872244155807,14.999935072708336,4,0.06250025362326225
26.896419424840758,81.09998868490284,15.746889400455014,11,0.05971258160771217
26.985889924869742,80.92515467938479,15.30974766977168,32,0.06131302704660414
26.9346255757694,80.88479205459561,11.41774036649619,49,0.0805299491281087
26.959253134938546,80.97959154877388,12.497738305751929,7,0.0740864859984624
26.771532446125672,80.90362207243754,9.864740621612096,46,0.09204085351202994
26.733878235760702,80.98638670004809,13.407752328943845,11,0.06940707871491462
26.94022131059071,81.02401091055178,12.430291302172318,28,0.07445854877609784
26.960460506136215,81.01782580665717,14.003430950039986,41,0.0666514214868523
27.026581851120245,80.90483903932724,20.138895440248422,23,0.04730616142298531
26.818542363688113,80.83006967261156,12.403070839709185,45,0.07460976756440822
26.803926510885404,80.9249905618464,5.692538228183058,23,0.14942014014785654
26.94950866586712,80.82133389186949,16.88854277533908,28,0.05590170270205505
26.79268927449109,81.09043493266617,15.323645341283342,43,0.061260826187576396
27.005072637217285,80.89451588586563,18.0993970930576,47,0.0523576736547086
26.979028590663486,80.8256055090004,18.920041678749985,26,0.05020069817759295
26.82443784985501,80.77916119356607,17.18702125432422,25,0.0549842652084786
26.94031358440494,81.00249605906313,11.311565919379529,29,0.08122443615607895
26.941635434670488,80.99928483428371,11.30091808987941,19,0.08129474505018863
26.707124592780936,80.89261749996926,16.877374234348466,33,0.05593662620088037
26.994919046404647,80.79581627998516,22.211285962995134,36,0.04308249019870169
26.85189085408123,80.91746640216229,3.2343820799910077,14,0.2361619667543378
26.96752468779879,80.88203829822282,14.703324487889004,14,0.06368078305783197
26.785217856371023,81.0137634303046,9.587918097732096,35,0.09444727384264498
26.992388362258634,80.98808052980297,16.27678825325111,30,0.05788112844479773
26.8101126043443,80.90125374215111,6.562516560814954,28,0.13223111539107
26.673901554532907,80.8484413195318,22.02489258121818,17,0.04343125582334825
26.995937511510938,81.12569294781602,23.806404949373036,3,0.040312169459495756
26.70286320364301,80.9334405836306,16.443243361831595,16,0.05732878795855984
26.78495290953255,81.01777872488088,9.876990897078691,46,0.0919371919552288
27.01202230813829,80.8205990683282,22.11659091288648,30,0.04325897377206014
27.01221857289752,80.94481229187738,18.04521241249885,29,0.052506634126260915
26.876437639724383,80.77991321915302,17.126057501268967,45,0.0551691949520734
26.89746139638113,80.95196384244777,5.281059961555834,15,0.15920879694202084
26.831440387912195,81.11704626656237,16.701547495264,46,0.05649223607526672
26.775555877811303,80.9083144166749,9.253961747355671,25,0.09752328169723118
26.78831923633317,80.78403856452697,17.840123357890246,38,0.053078208725273544
26.912106644187734,80.78114408473097,18.11513934580821,42,0.05231455454805731
26.940854830597566,80.90967523358087,10.865249910878667,47,0.08427972503833644
26.954968455741305,80.82760897712676,16.838280540590645,38,0.05605921477266378
26.95426253140604,80.77840675467814,20.589645290457014,23,0.04631850067689703
26.70283419709753,81.04223690102206,18.751667336547566,25,0.0506286372163451
26.84799130969293,80.93506828319748,1.4980914262308374,42,0.4003056051110255
26.690721153605992,80.87412811791016,19.246179040753823,7,0.0493920358002903
26.867830397636546,81.09402994588594,14.424591356448671,22,0.0648315392538372
26.82895098049442,80.81181002567219,13.909059189342754,17,0.06707331343313848
26.98957350579299,81.11413077842391,22.487184528948795,18,0.04257641007450102
26.79632940451875,80.88302801825586,8.932012625235718,49,0.10068452767157722
26.71214412591394,81.08982532203113,20.67926315725102,41,0.046127028983710266
26.721477005539022,80.98705943553261,14.756968805223638,10,0.06346398297548747
26.94414382741829,81.06761464950694,15.672258584242442,10,0.05997987584868293
26.892558502793854,81.12424473875576,17.919250848433556,7,0.05285621550299368
26.706404163404205,80.87382595761476,17.667201498151865,48,0.05356989370361725
26.7002784502014,81.11600877474673,23.425629594534602,38,0.040940602825802155
26.922348887325285,80.91021348216488,8.960412236192402,27,0.10039745105793664
26.69619468229111,80.9087842857053,17.58501777800745,33,0.0538067819974511
26.96586962134453,80.89253935753162,14.08768635286142,1,0.06627921449403323
26.92424720177634,80.96490673864513,8.387232272992328,44,0.10652767193979683
26.699285561031086,80.82549221554426,20.823781458603044,34,0.04582157321804536
26.70054157707067,80.96933613472889,16.729507979441514,4,0.056403144473019966
27.025190248260426,80.96501373246761,19.537038591687942,17,0.04869251209396543
26.804737486472206,81.04428465253775,10.623451763137298,4,0.08603296338970558
26.803431172944084,81.07011398629753,12.994904836484842,43,0.07145457662512938
26.9626078442127,80.92855888611247,12.700633340217973,26,0.07298932649080661
27.01100948785819,80.87883996976655,19.24317716039951,4,0.04939936019313405
27.024960382976236,80.86336056303416,21.266162042398683,1,0.04491119745270085
26.941216146693222,80.84006458121375,14.890572939014811,7,0.06293039299701916
26.80545345079113,80.79075312959165,16.559726566507862,30,0.05694849496730358
26.700060258011522,80.8932812723805,17.597656248078362,9,0.05377021634666072
26.94977288973388,80.86728916916708,13.796852749898752,35,0.0675819390043496
26.87102552990489,81.1179102589119,16.81964096458011,8,0.05611785343979086
26.82271992332891,80.97077517745002,3.6674915058413236,24,0.21424784571080827
26.996287578634107,80.89501973405099,17.155446719778467,19,0.055079889546898575
26.710031093630217,80.97896833635774,15.827261021971466,36,0.05942737791339264
26.84734503754471,80.82011081248446,12.889477746126373,43,0.0719969474935002
26.67408731211627,80.9298557497128,19.662579402230264,27,0.04839666822488109
26.838717831117886,80.99544435571158,4.679913742982243,32,0.1760590116769888
26.690269179245462,80.94600321944529,17.76568849823488,14,0.053288745579148936
26.712774449856507,80.91464036823555,15.657298457816205,18,0.060033744519403985
26.712309448839758,81.12778542000389,23.363942318670144,28,0.041044260691493174
26.903715708761784,81.08691331437362,14.835102250123109,29,0.06315083945809226
26.938576156535554,80.9944261449374,10.78967230598888,16,0.08481999957641088
26.88001275543498,80.97497585002563,4.156336623250353,35,0.19393613587811864
27.016382117450835,80.99343777273685,18.995378903315142,47,0.05001155541164587
26.804953408628535,80.84247235881608,11.786892129048217,31,0.07820508610753676
26.77285635106147,80.91224958757516,9.360406490672558,4,0.09652130936178005
26.982695686148208,80.78420543184073,22.089187886716996,37,0.04331031497973522
26.750494501867003,80.94119657349526,11.09895216723019,17,0.0826517855578009
27.016760114198622,80.96548885022476,18.60634357356474,39,0.051003900663472074
26.674375610888337,80.85198990499715,21.81864038525661,48,0.04382382048696081
27.019156377614753,81.11705038497959,25.060543763395046,46,0.03837218475098022
26.68553756830221,81.09740365993741,23.42190597775691,26,0.0409468450542224
26.990811520931306,81.02997156476412,17.550618361163338,48,0.053906558828979566
26.85997239927107,80.96201918635553,1.6282764646010346,39,0.3804774777191475
27.02746732660295,81.08318889747316,23.7429291461226,41,0.04041558677609952
26.696566763304745,80.81703484377645,21.57123836407807,4,0.044304170815522965
26.869387542384477,81.05458352593897,10.596168777891378,30,0.08623537817995072
27.01894891282288,80.81493549302807,23.0694243845681,30,0.04154648586615728
26.858315223901254,81.05591583851779,10.547833435116052,22,0.08659633043884048
26.896583509728696,80.86927632457049,9.536165510862922,11,0.09491118936666164
26.920469528034463,81.08575260916655,15.577704837381717,2,0.06032198122776687
26.8336347833164,81.10985515377715,15.963985775896441,44,0.05894841066306873
26.895920908830263,80.82356654898584,13.540264734765364,12,0.06877453871998823
26.88035315229232,80.93656321782355,3.62875914802512,30,0.21604062082743156
26.994416883776758,81.12315545613858,23.50720835031571,36,0.04080432114933718
26.686360696922925,80.94402667695033,18.2055214117776,18,0.05206835985128525
26.771146748253205,81.08087710810524,15.670981666433926,26,0.05998447002154907
27.012148134267562,80.98194334796727,18.306034935933162,7,0.05179727496187009
26.99049496220073,80.90511876685106,16.243693780933164,1,0.05799221516597146
26.834036431002858,80.87288207998931,7.854402492276111,26,0.1129381684277761
26.893247735208554,80.843160312791,11.637325365319807,23,0.07913066816687864
26.76985722587321,81.04424734889598,12.91893860890852,26,0.07184455856138135
26.737723617500556,80.9091545824563,13.126332843432266,45,0.07078978041105187
26.836931425778396,80.95405916639227,1.5079311767843728,6,0.3987350248112403
26.79720680208938,80.94723717280043,5.876734103027386,6,0.14541786624551384
26.880116200266315,80.97782045052394,4.33932796469949,44,0.18728948785529087
26.697984469307396,81.08160777242485,21.36405066655013,8,0.04471461878306769
27.020782130759823,81.12306616369004,25.592326675716834,24,0.03760483286004321
27.025035868012658,80.91673031508658,19.74055001015855,22,0.04821472909398296
26.92133821704711,81.06790681195827,14.130183096125279,19,0.06609305344467988
26.862994691883884,81.0452300060757,9.55682761295248,37,0.09472542667771432
26.78142994186308,80.976470422524,8.064460647584658,18,0.11032095994221816
26.962966207094503,81.1141769717003,20.562206583628765,31,0.04637744268526098
26.9165032221194,80.84217082559023,13.001967362858128,37,0.07141853527330867
26.728542098164162,80.80933511571146,19.425461058568306,30,0.04895850317075259
26.997933786417786,81.07742630810395,20.740941949641215,42,0.04599616715394904
26.966113407452344,80.92809393398815,13.092660898385402,33,0.07095892019331637
27.011927968785095,81.07490878751454,21.85265283242694,10,0.04375859587649459
26.931259023019813,81.09151247387035,16.691178842179184,37,0.056525345705951885
26.890829470536886,80.79248473370286,16.270094592704258,12,0.0579035624056425
26.820567493064623,81.08804731467498,14.08263471435743,30,0.06630141344257857
27.005782254007446,80.931394859933,17.420121505161248,27,0.05428845839696572
26.981783000220148,80.95375569604153,14.658331643168948,39,0.06386376421119275
26.686278721238228,80.99557330399355,18.758782162432567,9,0.05061040664243483
26.679492110819012,81.10349773842283,24.32509197396837,21,0.03948652984273063
26.8055268120761,80.77688179399472,17.875592945667375,12,0.052978468166719805
26.96179919908146,80.94166364859441,12.458955865425922,29,0.074299968734488
27.025419406553382,81.01757993527501,20.62410282581432,33,0.04624469315814688
26.724150080797273,81.03017450477137,16.098542777475966,43,0.05848451607918934
26.88388705752677,81.01931167535336,7.840061706658333,15,0.11312138231419813
26.80712070838717,80.81839664658693,13.901697775688191,2,0.06710644753723828
27.019169183213258,80.87778241181381,20.127041065923738,39,0.0473327048913121
26.973162812328855,80.89913758915013,14.594134497486687,44,0.06412667533175184
26.97179833369601,81.05959739476462,17.364159920435817,18,0.0544538930358143
26.83872953752619,80.87035355406924,8.000657390293833,3,0.11110299577432912
26.81933502084156,80.8458537869922,10.881496862388563,7,0.08416447957542682
26.768426545895057,81.11468128685372,18.691800946088247,43,0.050782556798018456
26.690295178794337,80.77319078264085,24.96939809518298,18,0.03850686089584372
26.981300055451822,81.12921550804552,22.99781360539961,44,0.04167046283645589
26.96264436328683,81.01365566758867,14.025992437178735,38,0.06655134455716251
27.02989836238301,81.06824894780169,23.18516978227608,37,0.041347652673203165
27.028789261346606,80.87606298268463,21.188463029206538,33,0.04506846637749114
26.869955414016946,80.77515349996014,17.485867395813724,44,0.054095378842026004
26.946835469464986,81.03563302668215,13.713195956686477,31,0.06796619870651187
27.010115662757677,81.07029205492024,21.428926223528705,11,0.0445852819717676
26.97587306064387,81.03657140750327,16.41891674361895,4,0.05740885123446776
26.759045316627553,80.82142610342831,16.282483321540024,18,0.05786205497179042
26.832195888711635,81.04123405201251,9.26575399578473,4,0.0974112569238085
26.71649738945454,81.04681220155875,17.683974446590824,49,0.05352180302207945
27.01345836981314,81.00707458564122,19.036066383950644,34,0.04990999634544151
26.88822286840232,81.0458017358064,10.409796586910492,29,0.08764398141393832
26.75231140998125,81.07453171828399,16.45470444636514,24,0.05729114480699472
26.91181224638611,80.99089748112549,7.9808448997259145,22,0.11134809822074969
26.892526166564846,80.80189769702909,15.432377861890904,2,0.060855465253093204
26.798938578491825,80.9455460114802,5.6949467924534085,44,0.14936638497668228
26.710880733191868,80.79795376048178,21.612723872510248,6,0.04422288998167427
26.91176635041341,80.91671549117167,7.620271256098636,42,0.116005630251197
26.857310772325366,80.91655833608523,3.4156934561397776,25,0.2264649958002758
26.94803462102483,80.79376354389049,18.943752337083065,21,0.0501410157476042
26.857258860400318,80.89557539222902,5.459140374048968,16,0.15481936327281604
26.976785340114677,80.80995931556488,19.787638317038613,31,0.048105512745060065
26.868686461958816,81.06096467560332,11.201982731597576,14,0.08195389405120658
26.87193766975274,81.11116768934721,16.17247554815606,39,0.058232722311686594
26.985595296957005,80.79603393109286,21.456073047458457,28,0.04453138346524832
26.815253831836465,81.11384147462502,16.70955814743098,32,0.05646668266226981
26.71824548224223,80.95812757576122,14.672631423578622,28,0.06380549462137892
26.680361763472803,80.8778436440634,20.177443390390458,49,0.04722005303311367
26.941849412042504,80.79767034709943,18.234646130029162,9,0.05198951897736233
26.89331143848725,80.95022473650535,4.816063813335241,45,0.17193759079932563
26.92346871651572,81.05602559601667,13.315604446847331,22,0.06985384401426557
26.74666709814321,81.02455113181601,13.666496579146909,32,0.06818260888710247
26.719093731211238,80.78808136412704,21.684427038056874,5,0.04408310592647259
26.675236079640438,80.79624466073246,24.71170117047898,23,0.03889279800545267
26.796211521170378,80.91503438174776,6.914550733768216,5,0.1263495596450473
26.88237036726767,80.87630457785727,8.148189099098529,42,0.1093112515676508
26.811207856235907,80.85365835630019,10.487553568570778,32,0.0870507366107904
26.827490971928544,80.87116161960714,8.212790635028156,10,0.10854474389094199
26.99549713001775,81.05925378758688,19.469791770614442,39,0.04885247545290408
26.79537196812839,81.10452209930747,16.49276038356306,15,0.05716650649028741
26.855036216097535,80.91583697002993,3.435098094832561,7,0.22547415606548227
26.95211508458681,81.0961999607677,18.414868846518935,29,0.05150691503019341
26.81275540163566,80.88573845244925,7.603153847634071,47,0.1162364427872003
26.893951212082037,80.94151731508377,4.959049635670917,3,0.16781199371356
26.98045093514883,80.85137043921377,17.494002387103187,19,0.05407158380694009
27.011827424516753,81.00057137518331,18.679740712382284,10,0.050813677609624734
26.722946453134455,81.12243320146294,22.193616118354026,28,0.04311531220044038
27.00357154505814,80.98725751457562,17.4712928301187,29,0.05413806219180457
26.847161865508635,80.89881307028088,5.087973602859987,15,0.16425826805987193
26.762967979787625,81.00321428055659,11.0247980668126,35,0.08316147967257041
26.835288872245776,80.81425144424755,13.567088538630232,6,0.0686478974400489
27.022811727102773,81.08991726889555,23.698700562075466,12,0.040487959983428724
26.847342513837436,80.95111022228075,0.3153588550098609,47,0.7602488067733449
26.788350579703504,80.93176590713428,7.0898891970425675,38,0.1236110873268291
26.898024307554024,80.98091132384327,6.157632702555117,13,0.1397109968555696
26.75645242276015,80.99492219060419,11.317228941058682,29,0.08118709206309911
26.69731079811912,80.79583929024155,22.85778812474381,19,0.04191503398267094
26.716396699887834,81.01574219964043,16.226180935496732,3,0.05805117244179022
26.7160965020248,80.8570954049136,17.5141029433951,8,0.05401287888791554
26.724684969664427,81.02702294770238,15.89403583733137,8,0.05919248719659179
26.71997778215379,81.06611252597831,18.48979454238334,20,0.051308904145980466
26.90071490812916,81.05942506271892,12.230929914182715,47,0.07558047744838128
26.735476830383693,80.96890034826684,12.87183735296672,4,0.0720885038192964
26.79444022199659,80.95726116123187,6.219841604241081,21,0.13850719376067472
26.992843827566166,80.8214353460822,20.36562172545615,3,0.046804161041967066
26.840626190494635,81.04912461414513,9.88936752958762,45,0.09183269802244153
26.910320785867572,80.86770737696082,10.564301641372055,8,0.0864730124664367
26.732035153632587,80.94881035221447,13.117623933039674,23,0.07083344936393197
26.739224046771124,80.87233867345391,14.530817780478921,16,0.06438810976566381
26.684712701855933,80.81817821067989,22.562501569705855,13,0.042440315475063696
26.73081662270598,80.99664077088103,14.03793581385793,3,0.0664984883815283
26.770292522051506,80.78955953253625,18.223018711505095,48,0.05202096585389546
26.73372377433963,81.03951228428544,15.68781368265579,9,0.059923967214431086
26.701932912152543,80.88433124629401,17.707956186044832,14,0.05345319339297728
26.713428913596218,80.77004848948162,23.44590115708471,13,0.040906653167506093
26.83588035649178,80.95400649012541,1.6195700241576036,7,0.38174203811237234
26.744280138626088,80.78686668706995,20.00895687826166,15,0.04759874589655223
26.801137149977308,80.86942104081552,9.667088848639603,7,0.09374628956311096
26.85123021750775,81.02451153548407,7.393308040233707,38,0.11914253536346504
26.918542138306574,80.79256826378388,17.374501941385237,34,0.05442324386206524
26.684152370342797,81.07216185724816,22.072131022242644,41,0.04334233361608219
26.957787743607255,80.7713751721571,21.38646510491234,22,0.044669848290633724
26.896044140216727,80.85885659291269,10.38937574593316,24,0.08780112468912733
26.699433251501596,81.03672546021475,18.826225518448492,49,0.05043824398494259
26.98448830467844,80.88385725390255,16.329147908010004,37,0.05770624183649404
27.001514064191454,80.80668125970377,22.03926288827105,44,0.04340416639410306
26.691988065547754,80.89968421076816,18.266389883318986,1,0.05190385983342988
26.769675953332996,80.86734158309844,12.127108023497458,10,0.07617824110306741
26.960232460725504,81.07337628477781,17.317858622328238,43,0.05459153390238897
26.93937348853812,80.88280525033065,11.965140456473831,16,0.07712990101088138
26.7364275669683,81.05401568983936,16.311781448665688,46,0.05776413033894183
26.745365756401217,81.09107397213187,18.205081018634857,8,0.05206955383472172
26.8033699570049,80.92617427104756,5.698577093116723,49,0.14928543571254455
26.84442827466877,81.09757953178759,14.654417638373708,25,0.06387973178565888
26.892571717750908,80.90583449942675,6.4497375374917265,12,0.13423291692725767
26.80280891024512,81.11706822993644,17.38849257249825,25,0.0543818366871244
26.836512497807934,80.8021442288292,14.74569927166139,17,0.06350940550476333
26.939089537728155,81.01732693594117,11.946255181997227,26,0.07724241380554414
26.683205953040616,80.9477730545645,18.547969566744985,46,0.05115620814660979
26.76087729996385,80.90955356996403,10.692118197935487,48,0.08552770191602861
26.92680585091844,80.9977762763495,9.76671790244256,14,0.09287881497973843
26.992274461567394,81.02338855298837,17.41321781372193,41,0.05430881283850226
26.85420387916164,80.77157077707412,17.70730905035251,36,0.05345504248143891
26.861560854695515,80.830103111949,11.963296852192176,23,0.07714087021241774
26.70858192408232,81.02669657822835,17.47116631156846,43,0.05413843301133084
26.831068452056446,81.00989874888816,6.30470464422282,6,0.13689807441987198
26.861742215923808,81.11777710184633,16.694971211953813,47,0.05651323124642618
26.757289381308503,81.04397360449029,13.901845367494737,5,0.06710578289728406
26.766927563141778,81.11227817478328,18.566089925406168,43,0.051108831852066695
26.805822298717665,81.02291458055254,8.745124300568303,25,0.10261541763419922
26.67722563119998,80.8772987951102,20.522817574876644,18,0.046462318259264036
26.785948499609944,80.80793137201032,15.795110602640307,13,0.05954113811211181
26.746121282518757,81.05145659080418,15.323913470006332,43,0.06125981994681647
26.78789904678405,81.00189371973133,8.614066592324953,14,0.10401425769177783
26.71311436745493,80.78734696446159,22.18952128407528,28,0.04312292555546287
26.990589821066365,80.89961816772436,16.411523815820054,18,0.057433227015512754
26.88369328327946,81.11444793357434,16.736712082272245,28,0.05638023526352976
26.914476834892017,80.95014441245567,7.169511232450505,27,0.12240634372688691
26.954101645898643,80.9257824889671,11.822050359043418,32,0.07799064673729798
26.84943919161446,80.93477185785734,1.5120319233364021,47,0.3980841129884334
26.701291303711475,80.84519778064187,19.536377789995072,9,0.048694078879245234
26.86335835505468,80.90273458151133,4.918449859880304,40,0.16896316158370298
26.88126280248752,80.90313277215539,5.804905164469085,32,0.1469528194487365
26.93835821070636,80.78884780726749,18.75978373779704,20,0.0506078413240512
26.825397436642685,81.04632434626646,9.940939707485256,28,0.09139982732158271
26.715928909006404,80.9199415954854,15.203687702183318,33,0.06171434665858551
26.772159326087543,81.06598475925392,14.401686901587565,4,0.06492795278788083
26.80070962670351,81.07612528040316,13.662773099873402,46,0.06819992324703122
26.902530206879376,80.84631785969152,11.82672296161294,34,0.07796223579418851
26.87548018968081,81.00664725358125,6.293062483942859,48,0.13711660940814654
26.798194821323225,80.94002144949867,5.844954038064993,3,0.1460930189507439
27.025145489565475,81.08685642565173,23.734783819095927,26,0.04042889589469437
26.88807893496848,80.84766664450352,10.998225001633054,8,0.0833456615344263
26.75540164502496,81.01401275211163,12.288581115897255,6,0.07525257898329646
26.706641690143346,80.98879076401099,16.399230954449465,16,0.05747380459618948
26.72502929010636,80.87630853192586,15.703741179057683,24,0.05986682799262659
26.758544782218426,80.81917632531443,16.492338044244875,48,0.057167886732500485
26.72784529437344,81.00459031377183,14.623933786194302,39,0.0640043675097769
26.73716412865847,81.03589508492765,15.169323519418692,30,0.06184550632554549
26.772634260729788,80.88362584375481,10.834907105619433,45,0.08449580474739692
26.732414494306113,81.00213973744803,14.061908334300679,13,0.06639264944420668
26.992835552865515,80.91224712674014,16.31767754821188,5,0.05774446355269238
26.698884148438193,81.02675447798174,18.45022559326202,25,0.05141328542463907
26.858824100245293,80.84171749896186,10.786706467733127,20,0.08484134246810716
26.81774285771628,81.09047740094903,14.392469055456102,18,0.06496683517096527
27.0236563020871,80.87346745472762,20.746642397556638,47,0.04598411017750289
26.7103340047805,80.90240295559222,16.232992319184255,18,0.058028227569437936
26.813228015656467,80.79091310274893,16.306107077694318,2,0.05778307019080512
27.019009355979133,80.81014439643566,23.353695385734152,10,0.041061530259008557
26.981582565321833,80.95571028497645,14.64226385724836,45,0.06392936528408047
26.96414594554174,80.86633336362208,15.163253945227336,47,0.061868730355206646
26.76284501773618,81.07077288126719,15.413856898685317,12,0.060924132955009244
26.731519531460425,80.77528961991578,21.778342526542694,47,0.04390135054096846
26.910711559172796,80.9064738575219,8.013088123345884,13,0.11094976397820627
27.004575356085933,80.89144439683687,18.141860696047594,47,0.052241525308272654
26.870434641485016,80.77695794713034,17.315207136961924,11,0.05459943709737794
26.875780568209166,80.81477262364018,13.716897752968514,19,0.067949102914593
26.770792473717705,80.91891136297072,9.332237956882327,35,0.0967844531042665
26.947017455949098,80.94743125040108,10.790855887126183,39,0.08481148523677977
26.73733574948071,80.91554430901175,12.986114381682249,26,0.07149948675592914
26.78652452510553,80.96113756422835,7.144161244824093,46,0.12278735279652472
26.82315711790191,80.98424740296605,4.522757855765367,14,0.18106895614770996
26.852739736326406,80.77357257560602,17.505313083556253,45,0.05403853452707028
26.757267503669432,80.93707425740327,10.390877273970538,44,0.08778955087902797
26.711341256906113,81.11685972671954,22.62916519341989,24,0.04232058101986921
26.88982321527899,80.95685162084663,4.479987731754142,41,0.1824821603532861
26.773906999166492,81.01391521628523,10.574713073416198,1,0.08639523015881177
26.87924575971214,80.88227098885008,7.464010317710773,43,0.11814730399223639
26.725570577498715,81.048636896135,16.949739907540646,22,0.05571111365128484
26.843210436667736,81.04825173347541,9.776766873913424,23,0.09279220861876775
26.861732195718574,80.95766657715549,1.5100662908998508,19,0.3983958525818468
26.688656473256074,81.12136497638052,24.72443253785428,18,0.03887354943703694
26.791177540149814,80.81519807731456,14.890272486678972,12,0.06293158288118177
26.71838928369803,80.77610115936025,22.630614727251217,28,0.04231798501825614
26.6928149893702,81.04725695623256,19.967749543884523,28,0.047692290386578996
27.026385683660383,81.06057599345137,22.468398809133877,33,0.04261049116017242
26.7860473841909,80.8132746024834,15.318590562672911,19,0.06127980208581228
26.96155480050767,80.8656098198651,14.962970738401532,28,0.06264498108703143
26.761670635714957,80.77631885081199,19.839008746683717,49,0.047986927408873906
26.915340980000614,80.875591099881,10.356143266340705,37,0.08805806483297655
26.94368202956029,81.04833107461073,14.268754083062777,26,0.06549322849526232
26.884429946618827,80.95646578997653,3.8817849459981364,35,0.20484310781034182
26.83976742787806,80.89531441354059,5.5434758687479935,34,0.15282397613416074
26.818262729093018,80.90382614616628,5.783029774258578,35,0.14742674487365132
26.795592575955478,80.77048730525757,18.812540473495694,40,0.05047308301213335
27.00463049192922,80.8779281899235,18.619643888643367,16,0.05096932470720531
26.969022986803584,81.00272514698966,14.2299065637295,38,0.06566028463900962
27.017409687839947,81.1207099997739,25.15778027104897,13,0.03822954354834093
26.714747000454796,81.07494189771421,19.493787533093965,23,0.048795275074710855
26.933112291073314,80.77849418727239,19.356980446535445,22,0.04912319892561424
27.007802564455574,81.09348181768294,22.58822265688421,16,0.042394037674905134
26.73524390381964,81.0519514287875,16.285827080354395,28,0.05785086217462601
26.69393865625204,81.05093540448556,20.038542815104893,48,0.04753180906056084
26.936803433744423,80.93487847324128,9.767897870125706,35,0.09286863713430872
26.87681032074477,80.91328190546362,4.706751053254605,45,0.17523105365349556
26.97305835963298,80.87904966237996,15.385960692079374,46,0.06102785297680952
26.720318055585466,80.79365014922358,21.184973224567667,8,0.045075555867365155
26.956296232269562,80.85216473085774,15.291179346029878,44,0.06138291027062431
26.742585835217188,80.8587773085921,14.987868979895632,22,0.06254742275268058
26.728916139431654,80.94426774509567,13.475928277673246,21,0.06908019857644201
26.72913568725516,81.03907998637482,16.087344537144244,26,0.058522844074818836
26.9632468992833,80.94057153822327,12.627137936657027,40,0.07338298068518101
26.909470999450633,80.79082400180098,17.116294707712438,21,0.055198925394732166
26.858303552916883,81.11480432835576,16.375230296677067,25,0.057553193996585206
26.799178974284462,81.10938075487388,16.794552283773,41,0.05619697444773074
26.98579219469272,81.05266823553343,18.210170414884217,1,0.05205575892367882
26.81128023867215,81.12687804456313,18.070961007859783,6,0.05243574246666786
26.96397579820977,80.9660136398081,12.772615214700455,23,0.07260785147998847
26.82808856708528,81.11659660609115,16.707788772696553,23,0.05647232485299854
26.805699994592967,80.79721781462203,15.940272044856153,43,0.059030929217199095
26.83656472284106,80.9016450693741,5.024669299188149,43,0.16598421429284996
26.778496034699092,80.85113725648245,12.628224522514463,23,0.0733771298196587
26.93913937686345,80.84049991028834,14.702407019390844,32,0.06368450383212611
26.850979340433295,80.82068906160137,12.828985562320407,30,0.07231188401300255
26.753596570252856,80.99406891096376,11.577541960017246,13,0.0795067910072493
26.993846846378847,81.05127586806903,18.885469734045262,43,0.05028797475615739
26.808200839694358,80.97818742379133,5.42450641003135,18,0.15565398120524565
26.865679030001036,80.82290657545175,12.72768417908457,23,0.07284549869843268
26.99632995994724,81.06200455717605,19.699223472043677,15,0.04831099105483825
26.89472567852904,80.99894369457894,6.9498647610702315,33,0.12578830333025406
26.712083294655013,80.90973965420572,15.847844385368917,21,0.05935477424449769
27.00833956450085,81.01268690639299,18.67116771304035,39,0.050835822996775276
26.895974899105713,80.86356579252742,9.981649478292212,23,0.0910610015350365
26.790566021276554,80.89426919505792,8.617449027343653,27,0.10397767611316373
26.72013794615882,81.10029490352751,20.762624435265888,45,0.045950340363339656
26.955849068137308,80.87458162204172,13.944844318600119,44,0.06691270773262026
26.893226192134268,80.93919577653686,4.924550793126962,18,0.1687891681442067
26.862045993111476,81.09045080946257,13.997229140129742,24,0.0666789838747072
26.991801329898347,81.02477968609631,17.423681239576887,47,0.05427796904409348
26.953894996040834,80.7923931614193,19.434866716583034,40,0.04893596879633637
26.72460295670379,80.82302909594043,18.795404168396935,42,0.050516776090709224
26.7822199444064,80.77282297267789,19.129756179237905,7,0.04967770056904182
26.75945609033321,80.9971318444825,11.101614986767238,48,0.08263359899430536
26.937820665326164,80.93116243314775,9.942291473105682,20,0.09138853616336508
26.682071676504883,80.81833894632483,22.79328825227986,27,0.042028659065405996
26.875160286553676,81.11485628358044,16.59070431841404,6,0.05684820697902328
26.94448512686665,80.96067750062042,10.559488077096747,27,0.08650902127589352
26.98563562923423,80.85708158588065,17.673125048289695,9,0.05355290008576212
26.793149429537728,80.9502172856157,6.32153178410149,45,0.13658344039036657
26.965652629681927,81.01466331978465,14.369767825848156,31,0.06506279153535728
26.709827425303875,80.79744611847049,21.73184346909386,21,0.04399115282311339
26.97472282502443,80.86889337341725,16.031502234729256,26,0.05871472675856398
26.715895918439514,81.06050757671824,18.511927125944375,40,0.05125070391792989
26.813023424601734,80.93547935334496,4.3567405004570405,48,0.18668068761491793
26.95702633168064,80.96676777113163,12.01637404816149,45,0.0768263109449629
26.72397027384556,80.9258137607954,14.218023950882065,13,0.06571155382772532
26.75253050228375,80.78580397935148,19.571369633712457,49,0.048611250383698096
26.930010924621506,80.82966992073526,14.88485722193516,23,0.06295303672097946
26.92921315315659,80.93039498994709,9.020135979726811,20,0.09979904484562334
26.900813147838708,80.84530676754686,11.821659771403727,37,0.0779930225749953
26.919821440008157,80.78799245031749,17.844785444360014,28,0.053065077495975756
26.865380799605138,81.07371387905866,12.391072683245218,17,0.07467661655299582
26.760647661206505,81.12322931049908,19.85679716395623,28,0.04794600015232227
26.794450557661413,81.05553143463882,12.157995029880563,41,0.07599942071182536
26.735375178048514,81.07736257181368,17.951734813999675,2,0.05276561801937512
26.997042202080106,80.85711176691414,18.765472041467074,25,0.05059327689731087
26.880021046115804,81.11582571118475,16.784237477079593,41,0.05622956853161709
26.81430651003491,80.84089325360324,11.530489692515468,6,0.07980534077589208
26.83632208931189,81.11251473173026,16.195182415520726,11,0.058155823871771165
27.011022002260255,81.12813494582774,25.14849879849122,38,0.03824311321679776
26.72520650512179,81.02622021006859,15.804912340186334,6,0.05950640977808944
26.88104273952605,81.12321174344505,17.524803836532744,45,0.053981678231210264
26.85211992439841,80.97503432064416,2.49472394247406,11,0.28614563452243913
26.890123524756476,80.86343504194339,9.676291141308347,14,0.09366548614722893
26.676519666175505,80.92731851883963,19.421128364332393,2,0.04896889056074899
26.983964607219896,80.98368193673636,15.265930920227156,40,0.06147819051392079
27.0055625816941,80.79630936232972,23.051474616307118,3,0.04157749227242769
26.873447946092117,80.99404357526221,5.087831773557352,35,0.1642620948140395
26.920794296595684,81.12322402123444,18.89734698392212,33,0.05025795654104245
27.00209977722383,80.83843875392215,20.20813910949579,24,0.04715170882447943
26.924605908352824,81.05533424186382,13.339752859713023,19,0.06973620883031123
26.724914055449137,81.09684356576066,20.147388573548817,18,0.047287162503402494
26.877463809660053,81.10973257341529,16.136308968033028,49,0.058355623831564465
26.88841741669783,81.11564881758596,16.977001971996135,24,0.05562662793038353
26.82268704166886,80.95772546993973,3.1322983690079655,45,0.24199607838096848
26.935119924824903,81.12183084687695,19.49259056750181,35,0.04879812519095808
27.006372125316847,81.0426316745684,19.66391131878127,1,0.048393548761076405
27.00320466464644,80.8282017170453,20.881054723242872,36,0.04570163607962475
26.83230217370549,80.94168403832848,2.1338699604087314,25,0.3190942868189643
26.710765696502673,81.02859922313392,17.337079463008802,45,0.054534311312621486
27.02454283162644,80.85904251369487,21.40050183929714,49,0.04464185700722574
26.972003311120538,81.0006214660776,14.46491674984077,43,0.06466248840365056
26.714878565233178,81.00997617245679,16.161394924738957,34,0.058270321520219374
27.001503077742257,80.82857190777109,20.705673728857036,25,0.046070903510842434
26.98316269034237,80.973430712483,14.988149488900564,16,0.06254632537018927
26.85678170056539,81.0477856879523,9.730021461197106,34,0.09319645851746823
26.882859156868175,80.94960243923295,3.6539843433604045,29,0.21486965280118478
26.813640973393248,80.7743571220394,17.89063776651075,19,0.052936275225857976
26.689714189975934,80.77325384886855,25.01102383526251,23,0.03844523792424981
26.790671006992525,80.89853056382921,8.34313054403467,19,0.10703050709683944
26.959027241495285,81.10342986463544,19.45353080877505,25,0.04889131413784931
26.67166752828166,80.8523236406573,22.07404110823951,16,0.04333874570600942
26.790059701808815,80.9983709279938,8.213594308306021,9,0.10853527586932102
26.81334072969274,80.8499473134496,10.73185865794397,1,0.08523798565565499
26.863462417057654,80.88580119627744,6.542171860137668,42,0.1325878034263922
27.001148021908595,81.07529515225654,20.89914908704609,19,0.045663874702397717
26.79468455797175,81.03239011921718,10.231041929497337,33,0.08903893390101132
26.794903152682643,80.80434373983276,15.698483172515367,34,0.05988567881697997
26.935500449319512,80.92433272755513,9.842067975042122,16,0.09223332691714792
26.832798458720333,80.7805011149123,16.925216482513104,44,0.055787331828072884
26.750857736258396,80.94312045277708,11.045241730510684,40,0.08302033469921927
26.83287822580777,81.00847624421239,6.106098417229557,18,0.14072419790519428
26.72070852733673,80.81266094449533,19.81258291175652,34,0.04804785663749233
26.733499315142243,80.8739985780073,14.990726615846738,25,0.0625362451640568
26.849412398186214,80.91322118518077,3.6493185990217976,45,0.2150852815744649
26.82081316182164,81.10103116887618,15.33272403201503,6,0.061226773809428425
26.99934452438452,81.12757180555226,24.20120842772274,21,0.039680636857871626
26.80046180368199,80.78616806763843,17.164733712715215,6,0.05505172912609258
26.879011806100095,81.04396285245835,9.863083202315075,32,0.09205489651288744
26.89761514365103,80.90382066390485,7.00086308893518,41,0.12498651569015765
26.6747140043718,80.91128494704262,19.86631196284391,48,0.04792413732626415
26.908873453926017,81.04153539040493,11.192714788248159,43,0.08201618895931538
26.734092948073112,81.10063351557235,19.739735796480012,39,0.0482166219383432
27.015985314289004,81.11233429402093,24.48738552234719,31,0.039235095303251324
26.723518581991122,80.9777641309738,14.33156942736185,42,0.0652248946031139
26.81926468454173,80.89856361734819,6.142175736118903,10,0.1400133568462718
26.700725880508312,81.05351767090916,19.522208816149107,30,0.04872769831739999
27.028874730664544,80.86036049797443,21.78459985303891,18,0.04388929392879482
26.85079020371925,80.97306665038008,2.290056682701664,24,0.3039461311587008
26.884338606235218,80.89908824614896,6.331052856049418,9,0.13640605512410442
26.694147531859834,81.00638718653484,18.211673799619593,31,0.052051685367456156
26.939985769343707,80.85654360864166,13.638638600669335,15,0.0683123634156988
26.745566013514413,80.83897346046454,16.008898390919953,4,0.05879275524003606
26.99329954419866,81.10056607120316,21.83429371254367,40,0.04379377845396923
26.743850270573525,80.80664932586184,18.48665609625188,9,0.05131716776139662
26.738647579438922,80.95214484678458,12.383654269126406,45,0.074718008990027
26.683157880425316,80.84950700186668,21.06457658240626,9,0.045321513252938414
26.839944100239602,80.78401478679724,16.50558114412147,26,0.05712463880902399
26.873342807974545,80.78296677458492,16.771263585101398,4,0.05627061886799955
26.693655110194207,80.8330798379581,20.903580557678055,17,0.04565463611607835
26.949189942010204,81.08203732762216,17.119661200863817,16,0.05518866986057814
26.83318398050929,80.87169234783173,7.9911069437408315,15,0.11122101052264216
26.85878049695793,81.1121653014071,16.116944595390677,35,0.0584216414575113
26.828674588897762,80.97938402547611,3.7579795612916866,5,0.2101732441508265
26.814274701915117,80.92718110831676,4.572410256788882,5,0.17945555942900962
26.87147051927096,80.978831980481,3.725551894470611,20,0.21161549430239132
26.725886488535057,80.95601141868146,13.813686545887272,15,0.06750514106683526
26.7354941269783,81.04315945135264,15.735894835241007,18,0.05975180949956056
26.98024282356487,80.87169858375023,16.43202711269361,47,0.05736567488882704
27.01060156636811,80.89709814097611,18.61225229322006,2,0.050988534363577365
26.804391353860712,81.09187394891197,14.963380970917205,29,0.0626433712145218
26.767468082331682,81.11072434473415,18.402403530320623,13,0.051540006290317325
26.901839835566047,81.09132096189514,15.155838982706367,4,0.06189712592892428
26.817144301595317,80.92100127782463,4.650386276252242,42,0.17697905083106544
26.679139088037726,81.05093158108248,21.47954849651524,45,0.04448487922944801
26.72621493505183,80.9414808639884,13.790222529024966,10,0.0676122349097559
26.927750002385064,80.9491143467726,8.645851969870186,31,0.10367150596169246
26.907212619087655,80.84368483926062,12.31502048186393,41,0.07510315146432377
26.679754557301255,80.98280690917306,19.208592397050754,8,0.04948390171627887
26.749909978295864,80.8370089231912,15.799696301909586,3,0.0595248855710762
26.753186926771708,80.8893632916642,12.33313510969945,48,0.07500111502451741
26.911881387695544,81.07781087258319,14.423422632019138,46,0.0648364519250087
26.677095793591572,80.8445472913159,21.891898100951828,9,0.04368357728966218
26.707479089514447,80.79561698266244,22.04582712376862,30,0.04339180341106684
26.95796979073435,80.79484273334062,19.515281584224294,11,0.0487441518116414
26.734276078339562,81.10868242738113,20.338651162917124,35,0.046863318227809383
26.904988598826677,80.95249135766626,6.119444157439189,37,0.1404604036334899
26.755745801176822,80.91738834585414,10.968987616820836,42,0.08354925512619227
26.705798901393365,81.06191628916285,19.507287002866434,13,0.048763154280730726
26.757541988759804,81.07089733404779,15.80085039122918,36,0.0595207966688428
26.930016095468037,80.88958877192162,10.726454757616441,13,0.08527726586336683
26.978050728518266,81.01970250069057,15.827204873373656,12,0.05942757620918606
26.968879151244117,81.04760421370668,16.382865489091362,37,0.057527914521777274
26.812986070662646,81.00567424727174,6.8888437240528555,10,0.12676128910388085
26.910510649165435,80.82457422692804,14.142890899033814,9,0.06603758863928715
26.7437943463497,81.08531791006614,17.88439181774506,7,0.05295378371996773
26.775533182893966,80.96407403898496,8.397302417578302,2,0.10641351693965186
26.992680894667604,80.8716900734932,17.66325020894875,23,0.053581235251323744
26.674680692463866,80.92308214675758,19.676951406097935,39,0.04836302897655819
26.700783071107608,80.78352559254361,23.418357304609522,40,0.04095279578087045
26.744839051852573,80.81603204844008,17.707016077131822,39,0.053455879648408415
26.679551593394578,81.04559683018572,21.196594294094314,21,0.045051956473613736
26.73531675663233,80.77000418851193,21.95015806758068,23,0.043572684643623294
26.87989496194909,80.91996369825362,4.463973975770301,29,0.18301697710026552
26.8217128382133,80.95810366519082,3.2465297861352647,14,0.23548639721425166
26.991361815987712,80.78966839120035,22.355403545796843,26,0.04281664403867537
26.96427968222584,81.12030813867004,21.134221781432572,5,0.04517890937728184
26.793054246611238,80.85140511924989,11.654082305506622,31,0.0790258808072423
26.763392436035268,80.87951153906906,11.903026194345767,25,0.07750119893875825
26.806689266940218,80.87941930441181,8.499504924941972,31,0.10526864377683436
26.88250617930533,80.85294999836225,10.282883783247225,20,0.08862982365242435
26.766502910696236,80.77053057595107,20.08583325085407,44,0.047425206682761546
26.89469360682569,81.03256412587169,9.579312200082411,17,0.0945241033715037
26.817388194788847,81.11806437992774,17.065329515364123,45,0.05535465041750411
26.868736985106715,80.85074565398261,10.063954889009306,2,0.09038359339239338
26.827005550488714,81.00869698904924,6.360322852158025,25,0.1358636054540465
26.776007673435092,81.03708267770514,11.93222480597043,13,0.07732621532671852
27.011443190506377,81.0754331364726,21.837832169270524,39,0.043786993116866464
26.944898085897517,80.9221465109249,10.907697300061086,28,0.08397929295657104
26.720440743275923,80.87905512603055,16.0354576764263,42,0.058701093859298066
26.98264847132325,80.88710624824829,16.01385453181058,6,0.05877562889293036
26.845475231369825,81.02654367991546,7.610487066000924,3,0.11613744871048769
26.992038801681876,81.06404060794203,19.423904694829456,35,0.04896223395779757
26.957947892141036,80.83538102839238,16.530427837277458,18,0.05704367339361546
26.823076861608925,80.9035387629368,5.496630614623396,11,0.15392594397303117
26.678088950995242,81.0946984708297,23.912126328032027,20,0.04014109381240427
26.766723849378582,81.06040966709011,14.346129804337963,5,0.06516300935479676
26.864988317277913,81.1245490249945,17.395398654967487,19,0.0543614204158582
26.898052159137414,81.04152937348555,10.53411143643472,22,0.08669935308940516
26.762839566755954,80.91155027237005,10.41597244776676,19,0.08759656740373652
26.720168186666218,80.98262962023807,14.795517058628269,47,0.06330910196154371
26.97057488524775,81.00796513152903,14.58731536773225,16,0.06415472943276228
27.02438478505328,80.79824409387416,24.542024107007727,24,0.03915116499031255
26.85924846562897,80.9660189052774,1.8928530286673235,41,0.34567950396729247
26.73180454290539,81.02535549825014,15.122086656315835,4,0.06202671039534758
26.768030637546975,80.83023566944038,14.978230323271685,15,0.0625851536601984
26.67662064355709,81.05102741827321,21.732078875024868,25,0.043990697265205846
26.99914757036178,80.98015820098509,16.851819006192223,44,0.05601670057561821
26.71239038984045,81.11279984285113,22.255436840051676,35,0.04300069729405168
26.877545931185132,80.78527202735448,16.62481227844989,14,0.05673819296349126
26.768659879447394,80.86551740951997,12.332935290925933,49,0.07500223905538456
26.86950408090569,80.98655939654795,4.22564102180033,19,0.19136408257440568
26.90451133980667,80.87676156839414,9.460788554127314,38,0.09559508777236962
26.968707049334594,81.02719269906565,15.258260255588631,36,0.0615071959901896
26.74431165783382,81.0432419017079,14.958508723826993,7,0.06266249668472726
26.673958498317056,80.80690574706394,24.18711063427981,30,0.03970284700457042
26.719278826824773,80.95498760711443,14.543960432376108,19,0.06433366865223912
26.994006711065317,80.95320060001278,16.015959475599185,49,0.058768358107222564
26.98460042792251,80.9029410772776,15.677288171007522,25,0.05996178693718567
26.885068716781312,81.10585295052509,15.943558204043239,16,0.059019480321516535
26.886186069756118,81.06790227515437,12.367723689191111,47,0.07480705191479842
26.909413202836653,81.02099537748747,9.655387681755613,40,0.09384923663661922
26.733133660304443,81.0271575888646,15.083823851358881,8,0.062174269579277484
26.999188300532985,80.93621781177272,16.64515992626213,18,0.05667276489297512
26.820757388961148,81.10155802759478,15.38513161732965,28,0.06103094093808531
26.807929870169822,81.02005435381119,8.378697446648022,16,0.10662461452548545
26.856810373901823,81.0324331821961,8.21270927732819,19,0.10854570245268974
26.686907748039022,81.08020872536345,22.270718965803155,42,0.04297245828414337
26.72986201275219,80.8686657721632,15.608736241471508,17,0.06020927694083253
26.935692101913496,81.06054552539202,14.524974664898174,45,0.06441234343918067
26.699807520453046,80.84028661706434,19.938346621754892,13,0.04775926285225417
26.8871347594079,80.89432310280816,6.895640774806498,7,0.12665216522904785
26.758325679485278,80.89081976353715,11.764765283436924,27,0.07834064926345038
26.810146421055112,81.1222691686201,17.658454735542872,10,0.053595006348252386
26.773929745237453,81.07835340054926,15.290566088436892,34,0.06138522102738984
26.798042177927382,81.02242115017249,9.220764621653435,36,0.09784003810061598
26.92885652586633,81.03174043418154,11.941506542516585,25,0.0772707564389595
26.776963817624345,80.97234620598493,8.418585768200243,6,0.10617305236803992
26.873905670506886,81.11095264015907,16.185746492575678,24,0.05818775462747601
26.841378144791676,80.94865315103765,0.9679737422090623,18,0.5081368610525738
26.908921619530556,80.90698637555316,7.818307378647441,23,0.11340044716760381
27.007258706156914,80.82869272129537,21.222679769965822,6,0.04499907348489583
26.93372595499569,81.05303403481399,13.823185845524275,29,0.067461881030247
26.747378536292675,81.03439981554722,14.155649801003115,25,0.06598199438032756
26.681225928622062,80.9083678138687,19.21659710792445,17,0.049464308689617334
26.76441505594794,80.77906962902533,19.4509854467581,46,0.04889739922818832
26.884228055052095,81.07203903797848,12.689537360579994,24,0.0730484875902068
26.68851329285433,80.77411047404347,25.0470563993319,11,0.0383920541603177
26.848691848992445,81.02333192066646,7.276552362493544,26,0.12082325540905803
26.88486342561008,81.11929255950139,17.23411974370217,34,0.05484224158094537
26.790327800694108,80.92755807813336,6.998997019984525,28,0.12501567352777118
26.9475283933485,80.85459042579855,14.391722600798518,3,0.06496998587722211
26.70837537112816,81.02375356361561,17.366672933181253,11,0.05444644240347956
26.697049601424894,81.06416613112562,20.43776497333238,38,0.046646653755368396
26.932147952233297,80.96671491378802,9.283624036611727,14,0.09724198360809409
26.848376873834233,81.11813269909221,16.681073389024256,26,0.056557652241903046
26.917824862713985,80.78860073979686,17.694856127451292,48,0.05349064968366419
26.82653784189735,80.95172641538963,2.6144901116374153,21,0.2766641958101763
26.75870473196608,81.02864342103612,12.805255517873386,39,0.0724361819095141
26.964876834362713,81.0805505696137,18.186268383107592,30,0.05212060938751605
26.957789716428834,80.8345320202868,16.575707326216282,8,0.05689671439330238
26.920090729507596,81.05800125343492,13.246574475495024,20,0.07019231196383811
26.76797224940279,80.96897454725868,9.313428692885793,48,0.09696096514341543
26.882483040072874,80.91275932551639,5.166421752427184,32,0.16216860282162615
26.79995060289841,80.81741741028847,14.284736892794754,22,0.06542474411001484
26.70296954639759,81.08150647320721,20.921763866526696,7,0.04561676724959819
27.00023288716641,80.8266183549447,20.704793788554714,9,0.04607277128462359
26.719254707130826,80.88152362931528,16.048753509856947,45,0.05865531456137469
27.01208544737549,80.87441639150649,19.518640389279813,1,0.04873617262294147
26.830562078264865,81.0837090523087,13.440964244121176,29,0.06924745350069637
26.736647854381903,81.01217307791521,14.03381440507891,8,0.06651671844918929
26.86508434105621,81.05680530298889,10.727095240378542,4,0.08527260839127633
26.984260500915507,80.8601684435653,17.38407106652575,35,0.05439491592375473
26.933600959107444,80.99495467585852,10.309754040864071,3,0.08841925265455193
26.960362013230124,80.97582855393175,12.536103800566224,45,0.07387650203732697
26.90716201201586,81.06981893564378,13.476921193028208,40,0.06907546063603494
26.919219563226427,81.09619134177326,16.415140762194866,7,0.05742129872247831
26.975710434563517,80.77437643773186,22.329850968700804,27,0.04286353999181539
26.75988048318931,81.01264717086117,11.79299327823313,1,0.07816778905852066
26.846192986911532,80.78866088768311,16.011870637148345,27,0.058782483204188496
26.74963539905506,80.96758911942786,11.29575044431414,16,0.08132891152344629
27.025560482878795,80.87354778245573,20.940949270298056,38,0.045576879454059076
27.009861362287182,80.88043957582798,19.066543283488613,7,0.04983419345686866
26.684193652092663,80.89706506124286,19.171212264368954,44,0.04957560244241892
26.924007062105648,80.99366528165787,9.29908975917673,23,0.09709595929183708
27.00308939426964,80.89025798764077,18.02371546429734,41,0.052565967036078985
26.73500712424584,81.0337716582125,15.252425081357615,11,0.0615292791687471
26.87446028299895,80.9156298588066,4.361379151585571,42,0.18651917197541618
26.999575787131697,80.79460715211158,22.670840167523792,33,0.04224607123882287
26.68222055229089,81.05215354329428,21.23469024468385,36,0.044974766412097536
26.921071296208865,80.87287299685337,10.998329360033786,37,0.08334493661517424
26.77704564265412,80.92579607665574,8.460292173256684,41,0.10570498053188057
27.002782630335552,81.01675979795989,18.232385308273148,17,0.05199563049362538
27.019580968259532,80.88968421657354,19.781831945037855,35,0.0481189532590159
27.009935936080836,80.79037083621282,23.805637610855317,48,0.040313416477647204
26.84071711799669,80.90461157692462,4.619833621501939,5,0.17794121095932788
26.980335354356153,81.11000148976996,21.48737969436961,48,0.04446938743380492
26.974037783472628,81.00102438302748,14.69098795092324,32,0.06373085003491837
26.784876170367575,81.0117324935202,9.485102832131574,3,0.09537340892218074
26.968409570694245,80.99762157530955,13.98765462298712,47,0.0667215802041677
26.683322748497577,80.8416371700254,21.429819660569414,35,0.04458350602604058
26.88465715625354,80.92060019107683,4.832740571924142,14,0.1714459931260261
26.752803181423573,81.0403383274108,14.042741323700472,48,0.06647724497026734
26.713404078879822,80.80649424311915,20.823778555431556,31,0.04582157931359313
26.697703152586516,80.8700269993923,18.703294773070763,31,0.05075293302553326
26.920663959316133,80.86947487904771,11.203522845908926,17,0.08194355127013485
26.792354986956504,80.92552681393403,6.854468599201018,24,0.12731606058005288
26.930916037750354,81.1229327467392,19.366928851272476,23,0.049099204268959896
26.69352828268762,80.79430091680618,23.273228405419758,18,0.04119765130940385
26.783504521619022,80.95673235797702,7.424081929208703,14,0.11870729753146318
26.864216865255123,80.8345712855244,11.55925106171701,15,0.07962258219745208
26.954660339342027,81.1194435563475,20.438965631591202,15,0.04664404137699902
26.784750901055546,80.81078926170188,15.60403715465063,6,0.06022631668948715
26.895320895517326,80.91529636085018,6.102833145636411,27,0.14078889078428442
26.988951989365027,81.03563859454046,17.63004733964391,15,0.053676728876155065
26.89171074774563,81.02363959408989,8.652345275817337,36,0.1036017642785082
26.75386541091131,80.92218230928182,11.040458410739326,8,0.08305331623487552
26.678784281360354,80.89474870046298,19.81282210808157,15,0.048047304436033327
26.983235594604338,80.91314045627904,15.259219388066404,3,0.0615035676764383
26.67765698790614,80.86513945473712,20.93393765350473,47,0.045591449004607446
26.984892602166312,80.84391985793445,18.319437782947823,13,0.05176134063707814
26.8604173682498,80.9438942911212,1.3071610454683746,41,0.4334331155443858
27.008064371464645,80.86667215218434,19.42053954308199,34,0.048970302566700645
26.957561964878522,80.87348619936301,14.163829926711104,24,0.06594640040366707
27.029256279792,81.00643218285084,20.702496568840843,40,0.046077648109653
26.796256253562618,81.11867343941196,17.772449719582873,32,0.053269552718888315
26.94618778401521,80.98730939220138,11.317426450296086,32,0.08118579023266358
26.814695128899327,80.79771260814339,15.611995246879342,30,0.06019746485226425
26.842755223309407,80.79721010098747,15.1797371725149,49,0.06180570112713178
26.895901966758615,81.11251235950441,16.907920316869244,13,0.05584121340198286
26.984523761107084,80.87702468451064,16.616349716785127,1,0.05676544891971489
27.02427004891175,80.80314411498969,24.237116658552825,34,0.039624177893598685
26.946578428991227,80.98565605137414,11.306142767051341,15,0.08126023067743174
26.820396041580242,80.9945135601845,5.508426088677721,44,0.15364697799052124
26.821688520819748,81.00346173524274,6.168283015180832,14,0.13950342053769668
26.935529628572002,80.86626473002872,12.625581157275828,29,0.07339136499627519
26.75595977247659,80.77543984631721,20.23595095006022,34,0.047089956195117515
26.709770680727303,81.11740553300362,22.78807823783641,18,0.04203786409317581
26.79766397675068,80.8603214964488,10.63275212644155,7,0.0859641801983362
26.77340603699547,81.01336946369892,10.587083362547276,29,0.08630299521554168
26.776670923364158,81.02438675315634,10.999094369280837,31,0.08333962291021925
26.75409879037797,80.98960267014861,11.365042304590574,25,0.08087315638449095
26.685153548269092,80.88264666191692,19.511672529728134,38,0.048752728406260985
26.67643461650403,80.86759465135506,20.96211953537396,14,0.0455329458702435
27.02558006030497,80.98516058177297,19.83229524882098,8,0.04800239186589849
26.823998328144913,81.08179442810021,13.392280021627997,27,0.0694816942483922
26.808357592977487,81.11082414241243,16.616070116382165,2,0.05676634989492034
26.914673021769506,80.80812608958536,15.8020553300511,17,0.05951652820779984
26.748571399631423,80.82573830053518,16.712518253821926,37,0.05645724598105775
27.011986026222083,81.11010505316192,24.00748402485104,14,0.039988029143845735
26.9530842051896,81.03515268220053,14.236823346630992,25,0.06563047803669061
26.702187960832415,81.08787777693873,21.388897106980227,30,0.04466499601216302
26.820329079282576,80.84294774828872,11.122347846097599,29,0.0824922706967131
26.98648259072238,80.98153091359939,15.494816656580179,20,0.060625105499494965
27.01010352802491,81.02241025399029,19.195504600848732,21,0.04951597000245164
26.838264544049956,81.01484027876091,6.563974938738083,22,0.13220562047060835
26.890828100115858,80.91693460871201,5.600637636099708,35,0.1515005148185799
26.73013222059315,80.77554216100887,21.852219848113993,37,0.04375942497693635
27.026820705409314,80.97985338044954,19.883030871013272,16,0.04788576936827938
26.75340181249804,80.86111655410467,13.899470553749177,49,0.06711647883007282
27.009383438688648,80.93209152861144,17.81133451716971,43,0.0531594395436043
26.903872793637255,81.11472916543018,17.401981653874497,17,0.05434197353356519
26.88878524615639,80.91365271435127,5.621185779453241,16,0.15103034914126473
26.854567863965944,81.0723285783992,12.146258112012793,2,0.07606727263982589
26.753041132218396,80.83787461806973,15.494469579629385,4,0.06062638117414801
26.733550091521984,81.01208577928901,14.340290201535138,21,0.06518781501929655
26.749375035265263,81.12172250359802,20.388237753653964,39,0.046754670091001774
26.73711777437193,80.80668151631426,18.971303278921038,34,0.05007184488833348
26.950650410484034,80.77299517920179,20.81685028283533,30,0.045836130652955075
26.796045093300023,80.92608980534774,6.451628597394119,6,0.13419885155705508
26.690823363562824,80.80334517389849,22.91841947536482,17,0.04180878260078877
27.018876946850693,81.03941836588345,20.765334245096046,39,0.04594461949167219
26.988162918586834,81.09923751898549,21.32968056247651,25,0.04478344404444509
27.00399082195028,80.92624755017516,17.284160015082673,5,0.05469214878753501
27.02816681615272,80.86313619117597,21.601618787597136,5,0.04424461846727368
26.73260228971902,80.92638519484238,13.262801364372962,20,0.07011245367953445
26.812647126804958,81.030441214426,8.997673878616077,16,0.10002326662593884
26.942965851253476,80.77325949816894,20.348131002816384,41,0.046842508127202025
26.920567422499367,80.98220343621449,8.47182290240286,37,0.10557629828006128
26.72540252628235,80.99078500655946,14.43397384093661,40,0.06479212743950816
26.963699924996625,80.99956776888254,13.564625726043566,9,0.06865950549020025
26.7507986058612,80.85712794879312,14.374995859504525,5,0.06504066792198968
26.750574341336147,81.02705898041613,13.443261974262985,42,0.06923643715539739
26.86331079224163,80.80290093507944,14.667300928379461,2,0.0638272032031132
26.883458376543015,80.84173732112805,11.365048109499645,9,0.08087311841769011
26.878831034821612,81.08588921679562,13.855460398399156,43,0.06731531525658817
26.702935261463193,81.03594033426157,18.44454100454279,36,0.051428316038232634
26.985885910546937,80.77494839944409,23.01163510357491,22,0.04164647662212381
26.765616015331936,80.85941545373313,12.994687252141636,22,0.07145568757508089
26.71662537166181,80.84718633387754,18.00293541200857,22,0.052623448868224204
26.989949308752834,80.86749027809331,17.580826600653484,34,0.053818918904545945
27.01403453936271,80.85912151730076,20.34348230162193,29,0.04685271062463918
26.980365942215563,80.79250946646742,21.306545523471513,38,0.04482989080257966
26.961425786900957,80.93521858597485,12.476375106760987,46,0.07420393036539241
26.90588711303005,81.03378405092302,10.376571618140062,33,0.08789994328392303
26.86830865341929,80.98842342089829,4.3211904317462695,18,0.18792787306276262
26.70131523356811,81.01223380069531,17.649606447435144,7,0.05362043444823088
26.817043156705452,80.79921370427304,15.403539365346564,1,0.06096245314670067
26.804167866124434,81.11253665566365,16.914106507654548,33,0.05582193002886906
26.763511362153718,81.07185706018349,15.451423423384833,1,0.06078501381093582
26.93043124092789,81.05983251465844,14.093589819527308,24,0.06625329109621433
26.848515264628357,81.06627416981505,11.536494414362563,4,0.0797671156662695
26.699176637726755,81.1057757829278,22.81240572406764,4,0.041994916918003014
26.749265952701933,80.96593142780094,11.312171256054533,18,0.0812204426987846
26.915973154917456,80.84210152643234,12.97422458705822,27,0.07156032120208787
26.69740710941651,80.99204209882691,17.473339249183258,43,0.054132064945660106
26.976434489057556,81.03743733772046,16.517058944579695,32,0.05708720871259214
26.84825274972503,81.03565026160746,8.499411088513657,33,0.10526968363430063
26.843011167837595,80.95772164870007,1.0912278849164014,28,0.47818796182510537
26.88326680247743,80.79464513896009,15.847814249991012,42,0.059354880411299264
26.966885147733056,80.90360065783484,13.787313289450752,41,0.06762553686567245
26.795211314844792,81.10147597904681,16.218832231854908,36,0.058075947691156204
26.914085814921265,80.98040160751268,7.737672995234061,6,0.11444694720727673
26.873663507038486,80.96379949957206,2.966030334243249,16,0.25214128882622583
26.766130177260994,80.86678726517759,12.45684113948173,34,0.07431164488269447
26.98630679508786,80.90264161116997,15.86728071357639,23,0.0592863791728506
26.957073367778495,81.09232459209514,18.464242011647045,42,0.05137626214273427
26.907042660477035,81.00992669710966,8.692463404524617,24,0.10317294564487929
26.97620942247393,81.05345932963084,17.38330045996179,49,0.0543971960953348
26.98222591234553,80.93356435230436,14.792881738674584,13,0.06331966619816688
26.925010671617414,80.99688899900421,9.549516323000404,18,0.0947910756647456
26.971324798210922,80.85941809914756,16.2070157732609,13,0.058115829797399564
26.921089726200943,81.02396589890206,10.784146419843958,49,0.08485977383275263
26.91485067783371,80.92393648013321,7.660380835724458,37,0.1154683632242771
26.89270009615747,80.92931638533331,5.172310361406442,43,0.1620138880657545
26.940977990240754,81.00375603684768,11.434911893712723,39,0.08041874430213011
26.727097837905507,81.10706102372882,20.731891798286192,42,0.04601532205672317
26.987113473311616,80.7930422847791,21.785837924830336,17,0.04388690919767639
26.983863669988285,81.06690756544492,18.86579074179541,15,0.050337789871918434
26.680529021892443,80.87525791974839,20.252699699249987,18,0.04705284571612755
26.967294030203316,80.9298110036223,13.195236155199332,23,0.07044616863480126
26.716393152290443,80.777888798359,22.640689818437817,30,0.04229995011482623
26.790642787533294,80.87837658802036,9.699399866829655,34,0.09346318601477885
26.93766297226498,80.95094724734685,9.748130392087264,4,0.09303943695511886
26.727873562577393,80.79022338784507,20.87909920468321,3,0.04570572081806505
26.964468128682864,80.94679446257794,12.732243257642264,7,0.07282131413186846
26.96956830406479,81.10375982638904,20.22889791069212,18,0.04710560125197744
26.852688384153904,80.8079415585188,14.096225788637959,42,0.06624172253389593
26.67229891381806,81.04519866210718,21.903711632823548,7,0.04366104568688726
26.77333372794297,80.91748157921536,9.115286611966235,40,0.09886027340214114
26.89209369061527,81.00586253722877,7.253277516945961,6,0.1211639858161512
27.023227024089874,80.86368517527468,21.07692548636282,22,0.04529616230383673
26.897452869726003,80.8274172145149,13.254127666506154,1,0.07015511740853596
26.7635292891831,80.82776654113765,15.479439889823809,4,0.06068167405480258
26.89824205311586,80.79537710043154,16.24751353044948,46,0.05797937182275916
26.864394736697708,80.83683281376445,11.33982074338765,49,0.08103845434998354
26.950744342254414,81.00911897859604,12.643517849364388,43,0.07329487974002154
26.708513029977706,81.08740862026366,20.822514699891876,29,0.045824233080019636
26.94397004490073,81.06308524681282,15.327750735515277,21,0.06124542297334634
26.8648559683234,81.01664835155482,6.814805849181314,26,0.12796223211415558
27.01667712138924,80.809755470828,23.168721376021676,14,0.04137579247332969
26.79307397977393,80.87410748066654,9.837838743310583,9,0.09226931897443372
26.89774388152822,80.8815304751161,8.620040091611163,47,0.10394967073702914
27.005530117983607,80.85998450070315,19.460895190876958,12,0.048873716944988654
26.706903502076646,80.9554020374955,15.920638637595008,42,0.05909942416583241
27.007402255405125,80.96279937335669,17.548269288288605,6,0.053913385904495195
26.917638860028294,80.8984789510616,9.092649401677773,20,0.09908201109549716
26.694421341277863,80.89736409714511,18.071523117981847,24,0.05243419698645549
26.778346884100856,81.06828001524619,14.186604927450988,27,0.06584750210973231
26.924941951912302,81.05414542539509,13.271046293709576,38,0.07007194703311853
26.69424621652876,80.88080649940507,18.631555000691826,8,0.050938399936467565
26.87958136566346,81.09896383979438,15.138037761039834,1,0.06196540216395964
26.794517900503067,81.1130134061209,17.3125898240837,49,0.05460724068011699
26.893529586396294,80.88762731513081,7.855100272248548,49,0.11292926892470671
26.686467132172506,80.89759298156551,18.91372434900538,24,0.05021662359456866
26.983753250214857,80.95202829523191,14.87404239696854,47,0.06299592598990221
27.020456028903865,81.10880349251212,24.63892268283042,7,0.03900319886177076
27.01879602790285,81.08547499593124,23.079243987453513,19,0.04152954305878747
26.939874659427453,80.80692446653009,17.35468884165519,22,0.054481991420663164
26.71683104644703,80.91138306757772,15.295840681802572,35,0.06136535202609654
26.94297475053445,80.96921362830992,10.512431626528775,30,0.08686262228873012
26.67885128992517,80.95112769011855,19.031197590147563,29,0.04992212749635372
26.67796447855044,80.83979070445729,22.03771622575276,22,0.04340708038074312
26.786499678893836,81.07917403762053,14.634641359033168,11,0.06396053334617963
26.845911548545683,81.01369868187886,6.335814656694453,20,0.13631751166006204
26.947346670410806,81.07164701494665,16.207602983883636,29,0.058113846590753165
26.915986335578342,81.07915514056582,14.762010817494033,41,0.06344368187402295
26.83052497429563,81.03940810731967,9.131193174863018,42,0.09870505701945821
26.768505599861403,80.9281158164499,9.318395564831404,34,0.09691429192813072
27.02896482005678,80.98979683180555,20.287243853882224,1,0.046976490092569066
26.82342526880495,80.82773154620311,12.486040983432517,31,0.07415074603647515
26.832499328758686,81.01251235029098,6.500277036126349,30,0.13332840842855956
26.728904575629002,80.83453117206615,17.68266337562995,48,0.05352555895774585
26.956131437549978,81.01982185258366,13.682328212853992,18,0.06810908906971078
26.91972560128134,80.85265533787143,12.38211983928327,17,0.07472657635784248
26.749477060603954,80.81231846805409,17.654277270785727,38,0.0536070084884012
26.699657176421706,80.82950241645146,20.556342661754975,14,0.04639005863337796
26.914979748746898,80.77071716867887,19.19302147189413,23,0.049522058964373436
26.90562403714121,81.02874626242728,9.96273157530671,25,0.09121814149426735
26.768373429719357,81.03366437766103,12.301366190229583,15,0.07518024732937151
27.012310882410148,80.95537600596877,18.05601393972439,46,0.052476871771981036
26.724380841041125,80.82809060837994,18.480935895635607,22,0.05133223605668935
26.825640528375338,80.80007956150385,15.11939673509011,3,0.06203706109069905
27.009701731260336,80.77688642791743,24.6957620431504,19,0.03891692327788213
26.821101834093405,80.82966934370748,12.364053858213206,44,0.07482759427712316
26.89986934115907,81.09070799259393,15.017461828905983,34,0.06243186409193407
26.813133983266606,80.85695326301261,10.101573586930197,35,0.0900773203158598
26.768717472845523,80.8975376777982,10.430573853780093,1,0.08748467161771584
27.024231953265538,80.80792437441329,23.952059618996174,21,0.040076851982138305
26.817360242273416,80.85005006970934,10.560440709162325,29,0.08650189254527654
26.99187571332449,80.95692084548088,15.790774801750203,6,0.05955651313337631
26.75278365812079,80.98879096591443,11.47509392430754,37,0.08015971711856329
26.746717693449032,80.85832683309984,14.6519926568298,1,0.06388962874727945
26.681208269838425,80.79078357732105,24.538416064205425,1,0.03915669622916033
26.90460005713532,80.91077183288587,7.2109793784655265,27,0.12178815143813948
26.802669483740555,80.85431321353349,10.855853658632842,21,0.08434652019104924
26.98116896994227,80.84903941236273,17.68999386156578,16,0.05350456545929671
26.840355566408963,81.11555060897685,16.459488569500177,44,0.057275446300694685
27.0185496340493,80.99186817493326,19.195945806921674,40,0.04951488826323123
26.736789185653127,80.97047623954195,12.751478457311364,26,0.07271945362851669
26.98270434046402,80.9196790372684,15.059176105748506,16,0.062269695121036896
26.94957486700503,80.92441996003485,11.359068236663825,28,0.0809122484681691
26.94753186407186,80.96472580138172,10.942919224990831,1,0.0837316221571253
26.97412196212208,81.020714730533,15.480625824280398,36,0.06067730744343038
26.94396863673948,81.02277259462547,12.698700516145967,10,0.07299962495138503
26.89543931578731,80.83180980677396,12.765457459478476,43,0.072645606071844
26.71724815596566,80.95004059074759,14.761332109241145,17,0.06344641386077275
26.68170942461685,80.91830491421229,18.975783374115842,23,0.05006061495919989
27.00150522521365,81.08338970785698,21.417088884607633,7,0.044608825220237916
26.89199411322747,80.99731081163861,6.6201204342657745,44,0.13123152168346977
26.956753424751426,80.96170146390976,11.927014445633246,7,0.07735738241847488
26.84334804654452,80.81154207118442,13.756329762795874,44,0.06776752865209286
26.712230948026463,80.98802964015643,15.777513194996597,15,0.059603588945364126
26.71506688519292,80.81219340604488,20.303848445441748,34,0.04693987579572571
26.91680350340243,80.89139436720367,9.431973822707318,46,0.09585913624737977
26.824910122163807,80.82142310733316,13.058665123869972,45,0.07113050856458035
26.742188901612124,81.01914651292877,13.813593361977205,4,0.06750556570337285
26.846974036826918,80.84425076098101,10.49662276491003,14,0.08698206599003996
26.69311521734705,80.91106937434769,17.867791900370964,14,0.05300037255447675
26.879509704689184,81.09244291994277,14.505535065492777,16,0.06449309848232698
26.766837625596636,80.84355389802363,14.03964005661299,7,0.06649095299061336
26.95712127622939,80.95280982302516,11.914600689593396,32,0.07743173978315887
26.781730305212488,80.92093779801976,8.120635476202159,19,0.10964148305337174
26.83387925366945,80.77652465477647,17.304326506580324,2,0.05463189260967916
26.674183394366917,81.05539292088622,22.174109155605407,10,0.0431516048054049
26.696080879606043,80.79485652627326,23.024756638553203,17,0.041623730681012265
26.811297680306406,80.9407318075517,4.400663939906114,37,0.18516241912607956
26.842777980498166,80.97184418617802,2.3111726961621795,12,0.3020078056209668
26.88600739732295,80.99623352438125,6.087844606217654,6,0.14108661455737506
26.77499852833535,81.01790738655083,10.722308483959289,22,0.08530742910992249
26.920193479005558,80.86117805806818,11.769441108544687,32,0.07831196302952122
26.979644062988115,80.77359235959705,22.665937681840624,41,0.04225482266723457
26.950746356001606,81.03043971844777,13.752181573271091,20,0.06778658431183232
26.68426277712541,80.96283637576514,18.47314845038476,1,0.051352764168972456
26.84298250101282,81.07100237315461,12.030014928646018,47,0.07674588290774219
26.707774864230544,81.06569981064425,19.545353235786305,6,0.04867280637736518
26.757136205710513,81.07359742040364,16.034332761136174,19,0.058704970369106546
27.025198533576173,80.94463407759264,19.488448728884826,18,0.04880798996705835
26.721298395444546,80.89010622250127,15.496772007019358,6,0.06061791964964425
26.84959973524249,81.0549609529329,10.412998161690092,45,0.08761939552016147
26.892536064354523,80.93246588069053,5.039416477629613,33,0.16557891043018216
26.92288738939588,80.83603919070524,13.907679824951655,23,0.06707951953235908
26.87147352605529,81.07779064704214,12.899469246497347,23,0.07194519317721423
26.673517505070908,81.08772155563805,23.917923185617973,26,0.04013175546576755
26.78752607096784,80.93787151221046,7.0502749629630515,13,0.12421935953749481
26.856376191618498,80.79725190183153,15.169864690655446,7,0.06184343648700409
26.70163193969214,80.9096173923701,16.97785657060282,15,0.05562398365304506
26.796225695235307,81.05927355740654,12.382678484388784,44,0.07472345697959673
26.681953119164895,81.09463865027665,23.56628397394536,27,0.040706197203475514
26.698288258975808,80.84325018729913,19.922053897167963,26,0.04779645463657664
26.812892379432576,80.7941105003291,16.008785549230677,33,0.058793145289860564
26.717777671455504,81.08584616312783,19.949970954791155,15,0.04773276307437099
26.87431470537416,80.9101857780324,4.786216780546072,36,0.1728244961996784
26.918207388889417,80.96503394713632,7.729489165699745,45,0.11455424034767575
26.95821121167927,81.11850369233828,20.590416980465207,27,0.046316845149623094
26.742054087928132,80.79396330204912,19.59414590437563,5,0.04855748835825866
26.730293729613265,81.00339448268275,14.327059438686625,2,0.06524408703445923
26.707644422520385,80.79667795212696,21.959477819832973,33,0.04355499754163289
26.89911488983571,80.90516881424794,7.042616348836313,16,0.12433764792780276
26.924331261535286,81.05937323626965,13.637190540653332,23,0.068319121570673
26.681371012137234,80.92605000379203,18.90084995839278,38,0.050249110067696896
27.00703640864773,81.12898564740506,24.895185990665134,16,0.038617216356757834
26.688709662114533,80.97126134258077,18.05845165915603,14,0.05247015958505641
26.86486668070839,80.88561837494895,6.59717439256853,29,0.13162788535935
26.92526178700233,80.84924007732572,13.034238670968287,26,0.07125431050767539
26.983548884548593,80.89618739234302,15.779360826467093,35,0.05959702579508512
26.927071295567675,80.90411197855344,9.703311482863096,15,0.09342902910011394
26.958622109905125,80.79473692398062,19.568206850786318,3,0.04861872535873346
26.79220206931541,80.90304671179364,7.938088482134805,23,0.1118807451949901
26.963337040948744,80.93712586710612,12.666993645586437,29,0.07316898111845804
26.698841344698483,81.03018559080597,18.597785833155736,34,0.051026172472412146
26.992133996181792,81.00642261449978,16.76537108360919,33,0.05628928297043156
26.867133255415347,81.0251556358825,7.694983759205545,41,0.11500884046405273
26.9642271971865,80.77301092547567,21.663803053328262,41,0.04412322140494185
26.83283458242659,80.848360263849,10.263208811106852,23,0.0887846453680129
26.90168797027075,81.00820634382396,8.14632205145589,7,0.10933356538006689
26.859504957937002,80.9442361725447,1.2016601792850445,3,0.4542027009475798
26.93337222783192,80.77191285124061,19.946301046522347,32,0.04774112611954592
26.699386793531012,81.05961807127547,19.972402844309645,31,0.047681708549257906
26.691726750236604,81.04821144638453,20.119526160887467,18,0.04734954716228249
26.758957164243654,80.96743089867769,10.270251357336939,43,0.08872916568528878
26.72743608484075,80.79392679727945,20.633380260629252,7,0.04622486120765451
26.983842083973194,81.04594541783173,17.663089768957814,41,0.05358169587027829
26.748917035448898,80.9801368915833,11.631100677758837,1,0.07916966426851663
27.02131149209489,81.05150559177687,21.54335372295202,14,0.044358972151595705
26.7912824850376,81.04062891726251,11.113495498908254,32,0.0825525547180107
26.735562449647933,81.05908074590482,16.707713047803306,6,0.05647256635006591
26.954291462571295,80.95648290390567,11.614485954846243,39,0.07927393978474559
26.907134799180316,80.82051682654966,14.327932642963805,10,0.06524037019819785
26.84935045792313,81.01161669041669,6.113265056771207,7,0.1405824177812814
26.86993087833755,80.99337056261871,4.839559237901153,26,0.17124580114019336
26.928912640178016,81.03721114739167,12.320695873199082,34,0.07507115315289015
26.75224370687927,80.83115716217827,16.040031442800586,30,0.058685337721163654
27.02868020978043,80.84019107196411,22.65477062009148,36,0.0422747705340519
27.020925538372843,81.09054742619897,23.56590787405249,21,0.040706820408467
26.904117247084898,81.03999200744275,10.764737200785593,17,0.08499977372492645
26.741835282334495,81.09696225593211,18.90578259673778,33,0.05023665837503335
26.914882167275266,81.04313751561901,11.7207946050042,10,0.07861144142729988
26.695991427232507,80.9849759101565,17.473436058050073,47,0.054131781270016374
26.681034900794092,81.00548778533003,19.57904801143785,42,0.04859311273505943
26.762765839864038,81.0900860526184,16.952300019004472,12,0.055703168894313856
26.836544264426156,80.9783704316243,3.1876772811337437,16,0.23879586053710106
26.98257810194702,80.99766087675822,15.480876952639031,41,0.06067638286929102
26.931780865115872,80.8263316177613,15.267887212723135,32,0.06147079746273989
26.937374347631994,80.9406116392418,9.760092153259242,15,0.09293600703011629
26.82317760040131,81.02790296030491,8.284915242038783,27,0.10770157550521912
26.79453659731691,80.86753937139389,10.246532297664247,28,0.08891629646657277
26.80357395467446,80.84281150498883,11.822663559840402,17,0.07798691709668834
27.025553842944984,80.8829776509608,20.620364527695486,46,0.04625268915882567
26.684439308908495,80.85694022607743,20.597767106873235,2,0.04630108265598261
26.982131338604084,80.84736854933311,17.87210539225215,36,0.052988258554901094
26.878323147086064,80.92294630343251,4.137667703443569,7,0.1946408482840844
26.827901550908255,81.09682186499808,14.773003446364985,13,0.06339946627162235
26.93109275774945,80.95254147282594,9.020625044899244,15,0.09979417406791662
26.845200818912893,80.83765133709352,11.15880254375246,25,0.08224494117751988
26.9844323657094,80.79770980097712,21.247056229930582,23,0.04494976727098965
26.994252671044055,81.02061621224965,17.50152027196644,22,0.05404961242645573
26.821819533674446,80.9078075551971,5.229170308485328,26,0.16053502320169472
26.76965800700462,81.06585914077073,14.560796446194983,33,0.06426406279766778
26.883246118293613,81.00742387671067,6.790511327078022,11,0.12836127925573132
26.99845080442201,81.0566469221949,19.6028737913407,10,0.04853691820508534
26.745838388042042,80.86790057419064,14.161497396421128,25,0.0659565459699284
26.894267970082854,81.01924921208598,8.450354851864216,37,0.10581613237546693
26.89736167923331,80.86506231448975,9.93527899780765,48,0.09144714096462322
26.933920688069502,81.10806465260211,18.242642927831923,43,0.05196791333448447
26.717364366645814,80.99909474135202,15.532727640591457,38,0.06048608685385838
26.927696987285554,80.88682424806312,10.672188162497617,41,0.0856737388121423
26.99725170743963,80.86702427042522,18.32403515541738,45,0.05174902611992278
26.73468591919329,80.83873357062579,16.922866585453125,24,0.055794646198596254
26.755515596972597,81.02007074520175,12.599362477644029,40,0.07353285873833414
27.019702233854993,80.84873762067926,21.373994039377628,46,0.044694746867279346
26.73515170297542,80.9843091757339,13.216804939364728,33,0.07033929242646587
26.97757863361305,80.86526860969313,16.4871416879686,17,0.05718487434044262
26.847220028321296,81.00830882012579,5.7929805654415905,24,0.147210784775003
26.759003186785144,81.0633783022746,15.132732904009913,37,0.06198577798008684
26.983469964458106,81.05008908753207,17.85330308572177,2,0.05304110348479642
26.83030989180096,81.04390647913509,9.570806951124304,32,0.09460015726553786
26.85533424741469,80.83758006604921,11.168368238840227,24,0.08218028747750245
26.799324012983917,80.80181858091443,15.74669950422778,9,0.05971325870793498
26.883462306516574,81.02162157825546,8.019732206992483,4,0.1108680365504374
26.72886859413061,80.90260499696596,14.267131185097943,17,0.06550019043368721
26.810789353194636,80.9256446415052,4.984976946118897,17,0.16708502121273403
27.018988436040704,80.78121367340562,25.160651523021055,48,0.03822534767989292
26.762928035772408,80.86344752173902,12.943232236407079,30,0.07171938206615441
26.906425199234867,80.78212350539481,17.79330020881619,40,0.0532104520700886
26.787068423120893,81.08650687813645,15.246893273416564,11,0.061550228906606816
26.948450325247176,80.85762280595867,14.274288843557308,21,0.06546949650109568
26.717114517858608,80.97064138104629,14.917577829438224,21,0.06282362874020844
27.019135576228276,80.784032555438,24.987992769673575,18,0.03847930884323394
26.833364234898113,81.01006506087003,6.239821401081411,29,0.13812495427727406
26.75497816680473,80.88628984447148,12.313469468991121,24,0.0751119009458155
26.696458829038807,81.09325090730476,22.219996222629938,10,0.04306632914200958
26.731112845831515,81.08972254801625,19.159891434245715,45,0.049603441727929874
26.85711862148017,80.88710462261024,6.289488382290964,17,0.1371838389137698
26.791321143515265,81.09434592244857,15.739951143877475,18,0.05973733085629364
26.968398011717742,81.12861676245956,22.0679870538111,42,0.043350119699099986
26.825119508518252,81.06714963908462,11.948081676386655,48,0.07723151776403253
26.75953713813155,81.07415368519189,15.906347856709113,20,0.05914938036739616
26.89217219517745,80.85964314499928,10.11504524853408,37,0.08996814476593211
26.92443979807876,80.97761286358879,8.71857243164178,45,0.10289577065291963
26.730135086844342,80.79421212902825,20.414793714574905,18,0.046696690770334164
26.730342917863794,80.80417045725581,19.661001030631112,17,0.04840036542844381
26.68320171369608,81.12960134033199,25.728096276046717,9,0.03741381315272288
26.93510472542363,80.88759012979332,11.307446935316227,14,0.08125161987337108
26.90896962994385,81.03934620833759,11.023686687508787,49,0.08316916649523841
26.840867115269933,81.06039941908966,10.999839925360888,29,0.08333444497760045
26.97390136162891,81.0788883775626,18.79177199556098,31,0.05052604689586593
26.96004125506202,81.12914618706478,21.57030466724034,4,0.044306003607095724
26.88072757118283,80.85693873469248,9.84313533202469,18,0.09222424781940579
26.982577660984774,80.7845262976695,22.056755845531367,20,0.0433712360359582
26.744102835613237,80.91802894647806,12.195304035000184,47,0.07578453647960876
26.710291062983185,80.81682904113842,20.39836475036254,43,0.046732542961398844
26.767109860146117,80.77807332009834,19.392909549351685,44,0.0490366515665633
26.690551268192156,80.89975365777094,18.41825657966256,9,0.05149792906987005
26.861221030080372,81.05214577038709,10.209624849954736,13,0.08920905145224713
27.007178049226187,80.97382504884102,17.636283095140953,15,0.053658768483761145
26.684163674640665,80.88260007611574,19.61669927258925,27,0.048504369529682234
26.71395956904361,81.00556312197739,16.101174256057973,15,0.058475516653235485
26.83279165018204,80.85352654491118,9.760981746456043,28,0.0929283241586516
27.006195006310048,80.77517732058595,24.53645667202037,37,0.03915970069158709
26.78381619779163,81.04516721911712,11.972848856333577,19,0.07708407082163622
26.852604531127824,80.99454751055104,4.428863253282689,26,0.18420062420900485
26.684966229258144,81.04442894482035,20.606891238240976,26,0.04628153069193726
26.723403552346355,80.78401768600756,21.67052907548864,25,0.04411013067538857
27.025186844265185,81.07136306601903,22.89552454048813,26,0.04184884070260181
27.01744273071698,80.99302943201307,19.10117671705065,26,0.049748331357723885
26.67177839313639,80.97282232625655,19.94646057362436,46,0.04774076252573158
27.012652242752367,80.99486105732123,18.62487482190737,28,0.05095573903399852
26.90008317761358,81.08119596887262,14.154300401790472,49,0.06598786967967525
26.98245058602721,80.98129714236121,15.05118574180228,18,0.06230069329991547
26.83370634802819,80.97914213675975,3.412072521853987,32,0.22665085286943387
26.85561457028853,81.12664449654368,17.5350916740439,3,0.05395171589037113
26.845984768892492,81.04242286014468,9.180041551089525,2,0.09823142616672075
26.9100711327166,80.92922576996241,6.9901645094473155,33,0.1251538687116682
26.720274451712275,81.02466292001186,16.21738113515268,42,0.058080842385390574
26.680790492354166,80.91012296980905,19.227251694961943,19,0.04943825365306908
26.78085477897283,80.85239516649406,12.36666021764408,17,0.074813003676116
26.923685074585194,80.9848666756796,8.89319825333726,44,0.10107954721949206
26.742667242764263,81.10414555532103,19.40408111195975,33,0.04900980321107697
26.91243567599697,81.10449022720557,16.82177340449071,12,0.056111138734825414
27.019168336598618,80.89308590011798,19.63857950080712,49,0.048452947062606354
26.70380425768419,80.95996388783982,16.286289263370758,3,0.05784931541779626
26.912136762561047,80.84618892348516,12.39941582514691,43,0.07463011918200815
26.829750078949647,81.1284271994196,17.84547464031055,49,0.053063136858383805
26.982531211575903,81.12320244683247,22.629187978375022,26,0.04232054021133442
26.73377392420106,81.00382321469468,13.984435425563376,35,0.06673591440715909
26.91934534280142,81.05958906148389,13.326128154396647,8,0.06980253067840266
26.971721504273322,81.02743605806214,15.56097916084381,36,0.060382903105413256
27.01006111901065,80.98353695885422,18.10586138537814,7,0.052339958917806635
26.915969290184275,80.789205278916,17.553535574544135,46,0.05389808298166212
26.848982915043035,80.93371516331896,1.6195343407905436,46,0.3817472382126558
26.89242500647244,81.01292306878027,7.823523694331662,36,0.11333340677063201
26.98280579441234,81.01391138099812,16.06948588939881,16,0.058584072565481364
26.87541950878998,80.90432414263206,5.340221400044048,24,0.15772319875029167
26.680939341490863,81.1090091151969,24.548067062030924,1,0.039141904456880885
27.005141530382513,80.83024853160525,20.941368254417927,49,0.04557600913510253
26.918229630371364,80.9501294006376,7.58679959860955,25,0.11645782442179374
26.91354481887981,81.0187182315583,9.817152260203889,10,0.09244577278245239
26.74764305486318,81.02096889012105,13.384894622089611,16,0.06951736709036356
26.90719876928376,81.00351002443678,8.283664041308686,16,0.10771609092599536
26.8117911860355,80.86910375684268,9.081909292667724,8,0.09918756169798815
26.904443871734937,80.82623436472718,13.687115537677945,29,0.06808688863614001
26.70837349091088,80.99893851765762,16.48044927401197,39,0.057206767647939756
26.906824309657093,80.9857487618102,7.2454112402972575,28,0.12127957852638878
27.02978894127744,80.83456816370413,23.03468763027893,6,0.0416065320000331
26.6873563339898,81.02385009240541,19.514781970032942,16,0.0487453389200409
27.021782706319676,80.93386191702412,19.168242233817672,20,0.04958290308132166
26.816486865860234,81.01039381297714,7.056589816132494,16,0.12412199489138726
26.983471242121414,81.07145214871726,19.112042835881756,7,0.04972145336802421
26.95165877426098,80.8311022342877,16.333651279738472,41,0.057691249458151544
26.874125853955203,80.77689215247887,17.38000561809495,14,0.05440694746118625
26.93584171533048,81.05047693110248,13.798422877260434,43,0.06757476849351433
26.986265602068485,80.98949107305495,15.649762693469071,26,0.0600609160869454
26.815490515794373,81.02187024506397,8.098011271113764,26,0.109914130704037
26.787731938162768,81.07173579099592,13.92393930514295,14,0.06700643707760116
26.91033361880289,81.05901193653682,12.724181097322976,7,0.07286409242989798
26.960824539098855,81.11593125289438,20.556685495435477,33,0.04638932085416123
26.944422648519584,80.96293662838677,10.57740362140431,26,0.08637515221039711
26.95721291358911,80.94585842775757,11.928603604133441,45,0.07734787380133513
26.826809993332656,80.91467939196066,4.350883053600192,20,0.18688504121337093
26.96442031782301,80.82532877542391,17.739597575746433,3,0.053362938876245755
26.713275259933422,80.97613860383753,15.422926077898927,4,0.060890489018625316
26.866016075265907,80.86972450875736,8.1600546137207,26,0.10916965478591317
26.672073117779327,81.10167070439667,24.86345376334615,11,0.03866459635090215
26.786850898764097,80.97994868953975,7.624895222665524,2,0.11594343747760336
26.801926152553705,80.98342246498292,6.290783892073964,14,0.13715946252187378
26.812622168979335,80.89777287791573,6.642967764932823,44,0.1308392277392772
26.92036819440835,80.78871616671198,17.806782541227708,30,0.05317230620430835
26.809880916457328,80.78142775553428,17.31121600912687,49,0.054611337635991485
26.831529704144113,80.92240065189516,3.4229044006382634,12,0.22609577540398373
26.755515887114758,80.80044353611501,18.1852087688407,26,0.05212348805003005
26.804370644986562,80.98846490399445,6.349067911853159,44,0.1360716776595738
26.751817065814738,81.08715028203028,17.449422866578963,33,0.05420223750258849
26.69635053255664,81.08784933394675,21.890076863313627,13,0.04368705295187189
26.887241493617296,81.00725634764761,7.028724197075217,14,0.12455279013872339
26.91055660747981,80.84604345933026,12.314510362079647,24,0.07510602889671761
26.893016524563464,81.0806788592892,13.8162223565074,34,0.06749358749740904
26.83685785576821,81.08899363671276,13.867186587050226,44,0.0672622216816079
26.806722880864523,80.84079529058307,11.856449277068029,26,0.07778197373544607
26.98080011384586,81.03547339087744,16.833209565971497,21,0.05607515552938679
26.85686944264904,80.87314703761376,7.662306276900875,28,0.11544269713328255
26.842505475946705,81.05895051244705,10.841112804764132,48,0.08445152212363535
26.67923114369032,81.1290056439653,26.007935357113812,36,0.037026154971768435
26.792849217945417,80.78080936191859,17.95161805908672,40,0.052765943091625925
26.80687042276291,81.09305171168474,14.982738151184183,2,0.06256750192243553
26.813576201122885,80.99414699209552,5.965869172615403,42,0.14355710324438095
26.878862052921843,81.12041774289933,17.206460339479513,9,0.05492555836521203
26.862096916821677,80.93740342630952,1.8359867768123563,23,0.3526109529763034
26.888845833405643,81.0750596550057,13.13522290922524,15,0.07074525859421417
26.94535797415517,80.79246186469538,18.880878779258627,13,0.050299587412769825
26.962674865937796,80.89070045802819,13.840057412559498,23,0.06738518404609917
26.92852430744154,80.79412595359044,17.753962251017956,17,0.05332206531159678
27.013988530543777,81.12112352805246,24.90569444589381,48,0.03860155156576029
26.67656372976349,81.06411060661786,22.3667636976831,2,0.04279582799474938
26.74048007484608,81.07691707164855,17.52124165136381,20,0.053992060512118266
26.672722634992134,81.1076674833162,25.171876283914187,20,0.03820895334946322
26.90309089709566,80.80063725500312,15.947306380416178,46,0.05900642718984365
26.993290997621997,80.9088151333048,16.448123586263453,3,0.05731275314826858
26.757653626767468,80.79557256005585,18.448426535902595,12,0.05141804135948782
27.003732436126672,80.84588551655801,19.96885454094977,40,0.04768977714291043
26.691696260504244,80.85257167973357,20.084936839531156,2,0.047427222932209454
27.006396969649987,80.93887859597713,17.425465622255484,36,0.054272712587091126
26.79658416740627,80.86668238028331,10.180013223724195,14,0.08944533248654675
26.70651149824172,80.8063521184544,21.398915748963613,16,0.04464501814317818
26.84491383330708,80.83029679207388,11.889148624177109,19,0.07758464342045274
26.762439564379385,80.82301920287875,15.925216261278731,34,0.059083440031888146
26.772554244706292,81.12030764724842,18.968939966920836,44,0.05007777086097363
26.780624387373464,81.04334530249065,12.054834667340089,46,0.07659997429931062
26.95908932321976,81.11839412749704,20.63878488551784,6,0.04621331582575455
26.864098059603094,80.92830657514286,2.6624464623442705,13,0.2730415339259094
26.782070771696162,80.87021265339855,10.942853849713522,36,0.08373208050469338
26.88972016199193,81.0573855509953,11.530942011507728,22,0.07980246010887729
26.927814242720352,80.88745141049482,10.646384717594154,18,0.08586355545075747
26.768144640264072,80.87777801453393,11.585253281398739,12,0.07945807506933694
26.81887767654913,80.85370215719482,10.162154989449046,30,0.08958843529275874
26.713878993601302,80.81668443216073,20.10549808084713,40,0.04738101873594172
26.735213765832487,80.86232670196604,15.447959624084792,7,0.060797814613777215
26.915202427427396,80.89791510945061,8.90222634135313,32,0.10098739066626415
26.73531780517043,81.01263791493247,14.186967016370316,48,0.0658459321681598
26.859058818120143,80.79252334319901,15.65463661478113,19,0.06004333946935182
26.925256654220078,80.84578249827953,13.298590790648657,6,0.06993696194550897
26.70847569231411,81.06124851050501,19.225145926151484,20,0.04944340098466146
26.874232399066408,80.82289189249016,12.893391550568982,27,0.07197666576661381
26.76236260213249,80.89335225274812,11.250293868805967,43,0.08163069479879095
27.01665367508553,81.08127721186894,22.644308841580486,37,0.04229347563932242
26.844076432819175,80.82577311201165,12.342115289832693,48,0.07495063400943973
26.96015731791906,80.79978526082255,19.28473777593848,7,0.049298147752552576
26.868081555176257,80.9444336782288,2.085022338931259,5,0.32414676139636284
26.685628511827737,80.87887102406027,19.594011594467904,11,0.04855780504021016
26.89793449521385,80.97282701121419,5.791021918932793,15,0.1472532428752858
27.012505203194397,81.05936976057406,21.07308775199226,3,0.04530403771487487
26.88658025525268,80.81937345573499,13.580454788708733,5,0.06858496627789766
26.964907989393645,80.97905167043955,13.0978902560643,23,0.07093259926391067
26.98831432680543,80.95198315374036,15.38110822712345,37,0.06104593084515637
26.752108717901617,80.82186836296475,16.739399229189363,9,0.05637169484040622
26.746336142366964,80.99463945479043,12.34906324734099,15,0.07491162349531835
26.88995315598636,80.86851055042987,9.223345123781352,3,0.09781534203260134
26.817970249130415,80.94562035467585,3.5879584136941105,29,0.21796187101766357
26.97235006903202,80.79961803673974,20.184721055488033,6,0.04720383135471797
26.994008324423284,80.93545026059691,16.07783793531825,17,0.05855542158131885
26.79723169654898,80.88032684849541,9.067935866467517,26,0.09932522547453063
26.755273401230816,81.06605723602674,15.608428612396798,21,0.060210392165191584
26.950989185487792,80.79051234171905,19.396487554001727,8,0.049028049430197264
26.76893017279733,80.9206986189706,9.471976557707038,21,0.09549295631912318
26.966141154664925,80.93503531268732,12.999273724954023,11,0.07143227710573852
26.822545771313557,81.03100218746769,8.59723213866064,38,0.10419670854596592
26.91031796374493,80.97674352703248,7.212488983408252,8,0.1217657645593567
26.704392712980482,81.01019644138991,17.258371544478738,42,0.05476939701681097
26.894589356883568,81.04973774283464,11.065687658594147,24,0.08287965247365907
26.832636364345404,81.08039307051695,13.080208289401897,35,0.07102167662908049
26.88117904674317,80.8829951788201,7.496332683844015,14,0.11769783943389182
26.730485114788152,80.963688173931,13.358722525169286,14,0.06964407859035567
26.93527454817991,81.07243890823811,15.405980076238361,10,0.060953383787680705
26.980606947915565,81.12620240714742,22.718474670154706,12,0.04216122722505061
26.74802632803268,81.09022695197575,17.95206457098949,38,0.05276469992249451
26.70445723998726,80.90372821454478,16.822875637401676,44,0.056107668613334154
26.67850989097668,80.84025994619871,21.961931055056937,46,0.04355034415887111
26.901109740159576,80.94618131346637,5.695750997012112,34,0.14934844507303757
26.88855385299196,81.03699092266098,9.634938182665318,41,0.0940296955961601
26.866811068577068,80.94732486547119,1.8880481984239574,10,0.3462546090974908
26.75350095460175,80.94394511079292,10.747019031216794,17,0.08512797990218432
26.810726158525988,81.07176295158945,12.8468850622751,17,0.07221840836423438
26.884011480667024,80.9001053604642,6.228726133260528,3,0.13833696028389286
26.848836069189304,81.07952608293219,12.850640583527774,31,0.07219882675962838
27.02560278727736,80.91644972834263,19.807355326301234,1,0.04805992805515099
26.719118310920425,80.8881639180442,15.794855605581175,12,0.05954204212792907
26.920252039457136,80.93343636803189,7.9825264141449095,39,0.11132725403682488
26.815554756517546,81.04448090512295,10.126861788440339,4,0.08987260011074252
26.824151861373224,80.81536073003105,13.664410754065985,42,0.06819230699213272
26.928335195636944,80.84071091771393,13.904880462374756,13,0.06709211808335916
26.919277014476773,81.11252013723872,17.86441973695566,34,0.05300984678797122
27.02685215773279,80.83317698585729,22.82159542358273,42,0.04197871646371877
26.716221944203486,80.97438183445519,15.07104868008235,21,0.06222369304620114
26.707479473778303,80.9785532079983,16.099047491064898,22,0.05848278978829374
26.930761974166348,80.94626480633809,8.987958322892627,4,0.10012056194787851
26.87821929012231,81.00210828948765,6.046760377797227,18,0.1419091818633109
26.768697839961533,80.85273762128715,13.225019795056031,5,0.07029867194614059
26.698590972836037,80.96895841639963,16.940786103605586,19,0.055738917694304856
26.700836969854716,80.90398237188889,17.203787985958755,2,0.054933621550159586
26.991908714879084,81.00820021346651,16.801469623165673,12,0.05617513728746671
26.73907223689875,80.82084047561433,17.790178118751175,17,0.05321929327546266
26.78641376236159,80.97551587006221,7.510184955881089,10,0.1175062592862844
26.751596304801716,80.836697327938,15.69026691606446,34,0.059915159237956546
26.7977986700995,80.87031150272142,9.80922970573206,6,0.09251353030916781
26.694992583388593,80.84873552811649,19.953557723336615,8,0.04772459232000824
26.85686152472698,80.83582160075278,11.352645447765214,11,0.08095431899414839
26.6943405228932,81.06725594256184,20.858803909976178,12,0.04574815731539676
26.958128342816053,80.87285472435792,14.250555156325914,9,0.06557138345125758
26.75413634948776,81.10376456147121,18.615164674917384,2,0.050980963788631144
26.864404289257624,81.11917354912427,16.858427793447667,8,0.05599597072968004
26.986828471522127,80.97565376917736,15.425770788272345,11,0.06087994365013172
26.904315852856993,80.82148040415966,14.105446142982151,36,0.06620128863023292
26.861864803158483,80.90483736761665,4.670436823106379,10,0.1763532565824761
26.786760151121538,81.05718361480535,12.750702456795326,21,0.07272355744311955
26.789880688700954,80.90226066233095,8.193360170420162,20,0.10877415672427607
26.91101530387135,80.80132619858901,16.23149741371213,48,0.05803326176425273
27.027890170039623,80.97044256793416,19.884015547582795,8,0.04788351156517619
26.908262108345777,81.07424350653858,13.921879185670853,36,0.06701568800800087
26.87080203025321,81.05653349937167,10.818100369950718,29,0.08461596776946056
26.93303418368613,80.83304433044692,14.824814254379362,42,0.06319189495214832
26.83747402042214,81.0121952611885,6.325802786258074,12,0.13650381114214885
26.691651243336285,80.84938153483684,20.243711635260954,14,0.04707275344201951
26.87242685371605,80.84855471243878,10.367494405234735,48,0.08797013346577938
27.014745102421937,81.08466583838987,22.667239432986,21,0.04225249855740501
26.733109059248758,80.85988082298648,15.778281885699098,22,0.05960085822925326
26.918401760695442,80.86476904474648,11.371140514840425,21,0.08083329089992952
26.742336127917262,80.77023522067407,21.486587961056976,44,0.044470953162473265
26.862897966410312,81.0834408522852,13.315006795184074,30,0.06985676041288538
26.70480352187282,81.05533413275529,19.23551509141549,39,0.049418064995253315
26.832133537052947,80.99583841663265,4.962847705575685,20,0.16770510490565257
26.94221879840229,81.04009567501798,13.600555689159332,24,0.06849054387309951
26.795125748726036,80.82473748427282,13.846841767847943,23,0.06735439197348908
26.9093682208154,80.93499649405153,6.767083158478051,7,0.12874846059919728
26.956361985884303,80.89643897944556,12.964724538980262,9,0.07160900289931695
27.003784015012606,80.80375954945252,22.418938196982165,1,0.0427004841803145
26.754471149467964,80.94500697467737,10.63387652063094,26,0.08595587190792764
26.813753729691353,81.10146627412335,15.559998693499365,38,0.06038647819414082
26.724869764798953,80.78442128285825,21.534306540615855,38,0.044376781606196715
27.027294060777017,80.87492592885776,21.07210674409977,44,0.04530605127973641
27.00372034845275,80.84471473703405,20.027951000398858,22,0.04755575091367828
26.864384566901002,80.85573279531965,9.487198007278847,44,0.09535435483395377
26.973131985975513,81.09703643867658,20.00030787478276,10,0.04761834950052344
26.857544871817936,80.93850485952434,1.4157214729397707,6,0.413955007314261
26.894490847680995,80.93786778865834,5.091409271044873,17,0.16416562333997756
26.702084795561767,81.0438072312839,18.900763801335103,38,0.05024932761288851
26.941897351378852,80.82561719344177,16.017549505082084,24,0.058762867103830795
26.715976854108686,80.94541552747602,14.90964064006737,10,0.06285497093388563
26.967384346890913,80.92479467708358,13.289663580103158,8,0.06998065380576167
26.95153011156134,80.9848878485968,11.807813477951207,21,0.07807733940859703
26.925148091187474,81.12984077317016,19.695985953704902,6,0.048318548448810894
26.683017736988916,81.04700160186954,20.916465670668487,21,0.04562779487471524
26.77912620814032,80.91323165308627,8.684528802356995,39,0.1032574759606913
26.764720525167906,81.06791909881866,15.06242829191248,24,0.06225708727387784
26.79964910668975,80.8314550107925,13.02756538590198,33,0.07128820807387022
26.701551388834982,80.78096692707123,23.538264093964848,18,0.04075267900657849
27.007304816291185,80.84360141408715,20.425868467442086,28,0.046672553857947975
26.869368806656457,80.89254816020113,6.092519000840867,32,0.14099363003207224
26.77998875183689,80.95380907268544,7.794067411230228,12,0.11371302416023978
26.812913346146743,80.99144649059484,5.823957913286026,48,0.146542521613891
26.830992914581742,81.09781805819719,14.817354416125376,42,0.06322169774362053
26.886213960009822,80.95354744343817,4.042153413494842,27,0.19832795989975147
26.85564459397074,80.95045923206527,0.6293014547087662,10,0.6137599626575843
27.00098111035719,80.78808748353627,23.227565614291837,46,0.041275298390280706
26.8489068538461,80.78256815895624,16.61097216337246,42,0.05678278238834615
27.027176885336395,80.9684175862899,19.785585607030672,32,0.04811026347324814
26.976512984788236,80.9277443007694,14.2396245973384,42,0.06561841426032568
26.745063785168643,81.07210494219291,16.82344768806349,26,0.05610586781533341
27.005014277271812,80.82784465049626,21.065814189628128,25,0.04531897130131924
26.711891903238772,80.77898979836215,22.891308682092486,11,0.04185622534564383
26.964281895056832,80.93165395645485,12.83711521034699,23,0.07226939898948223
26.80702438565157,80.85549228043081,10.524998138034434,34,0.08676790989664733
26.986070755360227,80.78786117440198,22.076118340541946,40,0.04333484450212413
26.982500408438682,81.03085538326515,16.773202248296382,23,0.056264480988272844
26.960133144042345,80.81017347998461,18.498916902744238,29,0.05128489982226972
26.954410957070543,80.9889950200028,12.236973548330122,31,0.07554596950344081
26.779684490075297,80.87117791006008,11.05976933949282,7,0.08292032557581698
26.699130941898453,80.83245857812781,20.43499024767337,40,0.04665269209107961
26.81507286435546,80.90671054825096,5.790750246446731,33,0.14725913392607118
26.732468825395145,81.05852047944026,16.935839456590152,21,0.05575429030909232
26.920182392004886,80.91115368768565,8.703107832885115,2,0.10305976365746115
26.794595901553603,81.04027707371598,10.872226589803974,18,0.08423019830659341
27.02121967230957,80.8151750668477,23.26177161200349,47,0.04121710549386472
26.90074994784432,81.04819771107942,11.256440858875385,33,0.08158975444130337
26.966093002908373,80.85529599696639,15.963159517852311,37,0.05895128197949111
26.71770888218707,81.01386152676,16.01788984919788,34,0.05876169189372994
26.980325213618144,80.97368135974276,14.680489888185129,20,0.06377351773642455
27.002192588584823,81.1044920981962,22.82502301974725,35,0.04197267717941574
26.84534229077482,80.90943610647112,4.057503990305013,18,0.197725993279877
26.888251057590352,80.7938194679804,16.064898006813976,46,0.058599822841056665
26.94533152832508,80.77689597479845,20.175161698651614,24,0.047225141145612964
26.73294190581375,81.0676690819502,17.488207615937988,8,0.054088531499285934
26.850923787526842,80.95890482955812,0.8893717400795741,30,0.5292764672969457
26.813518689998034,81.04908785866058,10.635791973735342,44,0.08594172208107793
26.72269463717841,80.85439321600415,17.042540811637643,10,0.0554245663313112
26.80231239202495,80.89423014838476,7.6643485477458855,23,0.11541548617179763
26.69454203137878,80.78083739399608,24.100566600359766,49,0.039839738119125445
26.679292286501816,81.11613723684668,25.14707976080082,11,0.03824518872272612
26.718659864095738,81.0104324464123,15.788379593007084,2,0.05956501009880268
27.016721440172105,81.10595383159335,24.13919056554582,26,0.03977852816671578
26.867830632922207,80.86557870667447,8.606042163024773,36,0.10410114623993257
27.017695978015162,80.99012690004125,19.066523335241776,33,0.04983424299732843
26.825699236198847,81.01425998858535,6.9247030719118925,47,0.1261876932076324
26.782253807910696,80.88431789209274,9.961528746766787,13,0.09122815102728805
26.852211070622488,81.07531932460563,12.434891329215553,40,0.07443305461097383
26.828224207907848,81.1109781266441,16.15422765889705,25,0.058294667640215764
26.70803928633423,81.08854784237056,20.936479533870028,4,0.04558616611457619
26.900697473288474,81.03606411133818,10.229713692264841,42,0.08904946532063518
26.74777374570346,80.86988728470098,13.872040008751213,19,0.0672402709656218
26.89305166376322,80.87138177515803,9.150167517419472,18,0.0985205414870074
26.904072393263338,81.11680971536057,17.60342417652682,37,0.05375354507380242
26.724728947126316,80.77370241853686,22.36669515457974,30,0.04279595353063891
26.692085865759843,81.02777799036717,19.18199661654765,19,0.049549111467994136
26.95107417098464,81.02424861851989,13.43588837414883,23,0.0692718019204663
26.835528152556957,80.99416823474193,4.668212486051537,16,0.17642246165979525
26.69093896638197,81.12643918459128,24.89263803573718,1,0.038621016468843146
27.028151874181116,80.88227659687495,20.916230829960284,12,0.04562828379380653
26.690801001958693,80.89238987096557,18.603119898483524,24,0.05101228810406648
26.92021268238908,80.79841818506077,16.939751928482746,34,0.05574213088266349
27.02412441309483,80.92940732915575,19.469067572695476,8,0.048854203858994576
26.756104837517736,80.86397746944455,13.486955709897062,18,0.06902761491269208
26.72120977272739,80.89361921278396,15.37554375254973,48,0.06106667449404826
26.713698578192076,81.07044584449203,19.304345492353903,5,0.04925054099264487
26.779179053124334,81.1067744248699,17.43749943613367,26,0.05423728979430951
26.706376491963834,80.83686390592187,19.523918294298863,30,0.04872363969007712
26.91917808300989,80.90410321535926,8.93815028442913,13,0.10062234635018324
26.692425047326825,81.10430700236155,23.27393446171992,19,0.04119645299269484
26.853391966133927,80.79225104584812,15.65414494374275,29,0.06004511209539564
27.028810867387072,80.8032497901201,24.63631053603951,3,0.039007172993719225
26.963029297022167,80.82860475611425,17.402800018291767,26,0.05433955696991944
26.891478997763166,80.98427662028568,5.729918803299118,40,0.1485902028282694
26.780251303483183,80.82417001756217,14.699598995776146,12,0.06369589441545878
26.89460250106499,81.11850749732227,17.434179226217832,2,0.05424705856053302
26.859734927008198,80.93081722981307,2.1893178512180214,11,0.31354667256450885
26.823390018200534,80.95054646572606,2.9593917020784586,44,0.2525640490368902
26.717055735626474,80.85879710168994,17.334679392315135,28,0.05454145003588902
26.98917751748657,80.9395456908765,15.5105052796606,18,0.06056749827226103
26.831922473575677,81.00828890774933,6.1225285832007215,13,0.14039957696464872
26.740064104255477,81.04042376930346,15.165263443008818,37,0.06186103947674801
26.802393366315826,81.04139250977558,10.500654330337632,22,0.0869515743432176
26.819086710910415,80.97804080056987,4.422276280523755,12,0.18442439083967274
26.967913642404078,81.09556951899779,19.499987016440944,2,0.048780518699743675
26.934101177002105,81.0642668250302,14.692322053177996,37,0.06372543187752643
26.946949761710883,81.0425373212915,14.157057164322927,7,0.0659758678191058
26.673971255194314,80.79001798780497,25.20740806073422,26,0.038157149981507335
26.819815439344715,80.77247606639908,17.930931934758508,26,0.052823601259900495
26.84328389458872,80.84648101979037,10.29725122008393,24,0.0885171074378012
26.676909219656302,81.00886849380885,20.11466403933263,12,0.04736045044984798
26.763532755148212,80.91803109599772,10.124682864036377,16,0.08989020291380866
26.94370433632397,80.91486625334775,10.986521872708787,23,0.08342703668499743
26.71935949406244,81.08845127976267,19.997467895101888,40,0.047624790045911754
26.862711647322936,81.09240262532747,14.197113252092374,9,0.06580197063822747
26.747472673926207,81.09730309505929,18.53969587420391,32,0.05117786921751371
26.674363478871804,80.88299610754541,20.631801627266345,15,0.04622823457938543
26.756832524735838,81.01878009258614,12.406555746282756,37,0.07459037346540484
27.02131455176762,80.86778794525877,20.719462062488088,13,0.04604165596380541
26.95855336027788,80.8386195399068,16.360886575101617,5,0.05760074496622571
27.015447591955574,80.83646768464506,21.566677845597827,11,0.04431312428183017
26.845627455813492,80.8931587435109,5.66009349992345,10,0.15014804221764963
26.709505031523904,80.92478474312074,15.821585231095863,13,0.059447429374933754
26.86726541603053,81.06914170157982,11.973726810441606,41,0.07707885441176185
26.833575840441586,80.81316079365018,13.698706069492621,46,0.06803319933551938
26.973968549786264,81.03457330506217,16.134957719192037,15,0.05836022570863705
26.70530972908233,80.96132376910815,16.128046914405598,42,0.05838377282578242
26.84576680932784,80.87366032336335,7.588202553225028,7,0.11643880006352222
26.724017519289834,80.94741505043181,14.01096239697559,40,0.06661798048348187
26.78688333368042,80.87797914511972,10.016745678757225,28,0.09077090723154534
26.935448547859608,80.98458950388579,10.101680439103527,32,0.0900764533338298
26.841366526572756,80.92618381222789,2.550402562319721,35,0.28165820141438597
26.80531978265248,80.8291859904684,12.976708638860627,15,0.07154760293275451
26.812011460285213,80.81196990684005,14.332494365022322,48,0.06522095989034098
26.835400836626157,80.96681044554597,2.327426805152143,36,0.3005325311593972
26.95260595578134,81.094868691983,18.344992273579347,21,0.05169296455939979
26.991150488018487,80.89382476716077,16.654107081370164,6,0.05664404296353619
27.013920487141416,81.03388003860015,20.03434849425623,1,0.047541287065442805
26.953285219051907,81.00711808777832,12.805492822279472,4,0.07243493679459148
26.783546482469287,81.10535976915142,17.096659670257083,11,0.055258816722047244
26.917728494191156,81.06555316622769,13.713309317489113,44,0.06796567505118245
26.827537124659944,80.97397789320597,3.4494220058007965,26,0.22474829285607903
26.76168142393658,81.00653097936429,11.310220380315583,37,0.08123331419793511
26.972713768593334,81.09341912797025,19.708179019038084,23,0.048290098278590744
26.683833485626437,80.9138267624513,18.822648722832586,29,0.050447345053749384
26.994634317168753,80.8876460941088,17.22983430923688,21,0.05485513378985072
26.836131887264905,80.77389199010868,17.540173440197588,48,0.05393692800261866
26.89939253165098,81.06755838670892,12.888834365090856,45,0.07200028265247861
26.907367411994084,81.05835305214521,12.497291919871666,45,0.07408893620561985
26.992242386654354,80.80760362651606,21.200934944866166,49,0.04504314806936741
26.899201085580195,80.97766865720777,6.120640132733499,27,0.14043681205050818
26.891016090513624,80.93703341134008,4.738659793292789,39,0.17425671428872236
26.69399473460185,80.81273527438329,22.05932442254374,40,0.04336640491611103
26.856626887900276,81.12300456174187,17.178610157660223,13,0.055009705985614825
26.724060840294136,80.8472905194868,17.321894238348165,23,0.05457950946507354
26.935476156739735,80.7942043048326,18.139595734289987,16,0.052247707521242304
26.854399891492566,80.98414505662069,3.4225195406021416,30,0.22611545089156268
26.914882000515007,81.03599200376789,11.170783643711367,4,0.0821639780374125
26.68500224421686,80.781679640577,24.816486974727834,40,0.038734937134510816
26.70052512577649,81.00713834994173,17.562097081250965,16,0.05387322324749993
26.927876419702567,80.96162507534252,8.73587206748376,31,0.1027129355304327
26.695950360959525,80.80717540319502,22.236478491274045,42,0.043035781018863434
26.695652421995494,80.83210859570069,20.773354852615064,25,0.04592769496336464
26.67435905108456,80.97447074703379,19.68091895651038,44,0.04835375072562715
27.014340503387814,80.8766887408648,19.666025088942312,12,0.04838859895389685
26.935503009405245,81.10779366231448,18.310200559077387,26,0.05178610118215046
26.797170507060745,81.06474648261427,12.812371303498098,37,0.07239886461398136
26.776752809263556,81.12408419434492,19.099640781281803,48,0.049752132930219836
26.795893162708506,80.86348150202215,10.483543686892322,33,0.08708113342586327
26.948875271225226,81.11910050780727,20.051563291492513,28,0.04750241044588485
26.908093419985352,80.92524419312497,6.910590247767511,9,0.12641281733461232
26.73667040443229,80.89510676631295,13.729118431768818,12,0.06789272587035002
26.732679360720272,80.78812582970897,20.696503107447647,5,0.04609037664031376
26.705422433896825,80.78899549282946,22.669432343475634,28,0.04224858397483475
26.907708979092483,81.0191240521408,9.390417940620045,35,0.09624251937841928
26.945174158399826,80.93485443799625,10.688927822150717,5,0.08555104584570905
26.765416714197002,80.851547785373,13.561977867711777,34,0.06867199010220285
26.67754018597113,80.99102931027709,19.604528411552522,46,0.048533020510157426
26.699581800291515,80.86102892257004,18.91460187610575,34,0.05021441082384056
27.018429612544214,80.97794743156399,18.932331590874117,13,0.05016974534267949
26.776360119891873,80.89931514891377,9.609883271771988,39,0.09425174381140831
26.94692033322173,81.06647880158026,15.7974929940707,42,0.059532693381862824
26.894878884787538,81.06545061787604,12.491379381894193,45,0.07412140535770774
26.807498270275044,80.94184614332407,4.794732061554043,48,0.1725705329215546
26.7440474143904,80.89629487936061,12.93114818388453,14,0.07178159235695979
26.713699110537387,80.90052152676128,15.931945555832419,11,0.059059958390637365
26.891404668493994,81.06005722924056,11.84762062482673,42,0.07783542409927648
26.948868161029605,80.88814461380714,12.589034488805702,38,0.07358874545677063
26.901805531274807,80.84526137453447,11.878693587088803,4,0.07764762731854447
26.860908767969697,80.80048780307511,14.881493020792073,33,0.06296637215977104
26.68510244043539,80.93800952351839,18.37437356504117,7,0.05161457203469974
27.01865595993398,80.94356755561114,18.764525055744752,41,0.050595700993550576
26.95753710899565,81.07272713574505,17.061170138353315,8,0.05536739825491576
26.775415933212347,80.84964593072058,12.960098942507145,37,0.07163273012020689
27.02278931856919,80.90715685852062,19.67710754600517,10,0.04836266377079421
26.886677372269077,81.06102606600173,11.743706698662075,43,0.07847010478552423
26.87967215695461,81.06650449986964,12.01833411918757,15,0.07681474379476186
26.939306344594634,80.90845998735236,10.75094830763895,38,0.08509951484936149
26.962237123712452,80.9352846483832,12.565208413066243,15,0.07371799750874324
26.90633229863934,80.87918292070574,9.411164011135654,5,0.0960507392766469
26.716114468691835,81.10571975623095,21.460969473955014,29,0.04452167575222282
26.79177630215802,80.81271175566697,15.08357931345379,19,0.06217521488910791
27.00411011051738,81.10614979228053,23.09331108890634,10,0.04150529565280239
26.750861620263787,81.01619192266072,12.832814488447994,12,0.07229186806742158
26.803980128581507,80.96136597496722,5.23998676753681,4,0.16025675009479912
26.825547677859912,80.78175726188242,16.91268562340657,31,0.05582635798025152
26.828185796290004,80.94121462905592,2.5774909489586615,18,0.2795255150236175
26.89065824969803,80.91678931780099,5.593815181158034,16,0.15165726859580794
27.009507301588098,80.82803877231105,21.465544499207308,40,0.044512609077215326
26.756649376259702,81.00630745726023,11.788854880982207,36,0.07819308368938176
26.713740495468333,81.11961432665258,22.65062907380798,25,0.042282173420387176
26.741089376349578,80.97238797198324,12.312488668746667,23,0.0751174348300232
26.98929296407534,81.02731117951983,17.281570149132477,12,0.05469989677267701
26.902491892555876,80.79464216292376,16.477475402170345,34,0.05721650163935121
26.7729264441261,80.92036011849412,9.060932386696642,36,0.09939436640308594
26.963740898028703,80.81188905465922,18.641405958982013,37,0.050912852271794734
26.980093198690838,80.99060650079315,15.015537877576214,3,0.06243936405034057
26.974745161928503,81.1078535769571,20.91356202016288,9,0.04563384077311988
27.00081355211024,81.00823998368979,17.735885282990903,18,0.05337351210768969
26.760806767262412,80.79764909739319,18.082744322635477,43,0.05240336416465135
26.941815094348662,80.89767983379463,11.452122141339293,35,0.08030759646021626
26.83579421901869,80.96823881659871,2.4019971794760506,34,0.293944982092552
26.973119479040424,80.91515479220797,14.119503283597638,41,0.06613973893473392
26.93225664377818,81.07011184377106,15.018179689441268,14,0.06242906618529019
26.949521080739903,81.0632815616956,15.768670107836543,4,0.059635021356444225
26.906218261565186,80.99025916723716,7.417643105118564,29,0.11879809912491114
26.733874357009096,80.90444486024778,13.681399006946792,41,0.06811339978750189
26.8662096908029,80.86192109455477,8.921412021592985,45,0.10079210477536842
27.024481106228823,80.80811475455673,23.963382952482004,15,0.040058673213622845
27.007459703938963,80.89776316605516,18.258526501186772,28,0.05192505251834177
26.685542544886925,80.91874210619478,18.548275514424102,42,0.05115540750702686
26.7293333336626,81.01329625303747,14.815643448475669,16,0.06322853719216724
26.717422358443645,81.00693753674713,15.788273730502652,12,0.05956538570032354
26.931352767594706,80.79523893027086,17.815390990739036,5,0.05314797872083559
26.964402718748502,80.91229335355521,13.25907614336675,34,0.07013077074177733
26.746864091871842,80.83544039219825,16.14940732190762,42,0.058311053042780295
26.85210696946266,80.82645257391405,12.258921735662481,1,0.07542091430484148
26.972653090084034,81.06782877390542,17.958321270495162,39,0.052747286309379096
26.933808556115853,80.78508947801785,18.82304067523802,32,0.050446347580225245
26.865205393977067,80.92090583532476,3.344933942420418,26,0.23015309628457395
26.88252516856516,80.83055331607595,12.387959758198408,17,0.07469398011804064
26.85300979688986,81.08655887764425,13.55157981518968,48,0.06872106071645562
26.777117442474776,80.97053458477902,8.356455645130092,27,0.10687807840146032
26.873407917429248,80.85329702909567,9.939494083373797,24,0.09141190555784777
26.917998708738033,80.9508738233799,7.561608071344194,35,0.1168004879068235
26.984396249709892,81.03333508949312,17.076237087363673,46,0.05532124828673869
26.89906488743253,81.114922483211,17.243780995403817,42,0.05481319909792447
26.944003753335537,80.84936056152836,14.45200108433824,39,0.06471653700656123
26.727625788583648,81.08902543796657,19.380267935193018,26,0.049067068361411566
26.836160690791125,81.1063494811003,15.58808976901383,49,0.060284216804033515
26.673359383137754,81.09991139603154,24.643857360650014,38,0.03899569343005627
26.758804391227784,80.9987491684703,11.235561797553883,23,0.08172898118988853
26.931526217440684,80.99673543559649,10.181417537188869,22,0.08943409873337142
27.02705158248577,80.91515582794618,19.987946884561737,4,0.04764639464261164
26.7057041158514,81.04086323762937,18.40657247695849,49,0.05152893439515424
26.814537953710065,80.96126584660634,4.098580691272701,9,0.19613301437235492
26.958025548731698,81.01387770564219,13.579632182446796,4,0.0685888359518393
26.743452828466406,80.92424484538557,12.120149921341284,7,0.07621864124992934
26.869830581748825,81.03333872705554,8.556102446826962,23,0.104645173653621
26.933905666570684,81.06680974633764,14.874051971043189,2,0.0629958879953373
26.891754762093665,80.82271705237702,13.451719162872564,49,0.06919591978849597
26.73768890446155,81.06985469760673,17.24771546314725,24,0.05480138059033096
26.797938444726867,80.96450675144452,5.9652723752300885,40,0.14356940348179367
26.952165042414745,81.07407972727249,16.74647310987011,31,0.05634922464925309
26.869521545087526,80.92526861428277,3.2757756317646023,47,0.23387569557463012
26.67188266087545,80.9064545747379,20.272133662496294,31,0.04700985880711364
26.943956673610113,81.0994218637062,18.130379367114397,47,0.05227287869256922
26.682712087778487,80.86042093631742,20.618235249400545,40,0.04625724479650711
26.938464161783244,81.07391643710301,15.740760393148031,48,0.05973444315046159
26.742893001659485,80.94424740610339,11.923433440457929,43,0.07737881768086594
27.01490645284298,80.95507435931846,18.343659834169344,34,0.051696525299393635
26.802458670468752,80.88104858133622,8.646232744386955,24,0.10366741364206558
26.78769538188171,80.97629519222285,7.403074558883446,49,0.11900406131025386
26.72359969811968,80.88707603065944,15.380425059436764,26,0.06104847684791305
26.78001751757648,80.78413698912699,18.206669008748275,16,0.05206524877085761
26.985594274258155,80.86791949792396,17.13348741876097,47,0.05514659022320199
27.02868036154581,80.77229645562637,26.552928439078215,13,0.036293782790133615
26.802591430982467,81.12220772334047,17.882489912188642,15,0.05295911739661517
26.831499827143638,81.11766899553511,16.76204326086152,27,0.056299829096998634
26.929945537752985,80.91225590709003,9.645473412289483,4,0.09393663966560352
26.98903048096743,81.03221350756228,17.476755255581846,16,0.05412205693951047
26.883495960307243,80.89449019542775,6.6475772034854606,30,0.130760366766123
26.81094925134402,81.01159353655095,7.49709751486219,44,0.11768724535065177
26.818543862705507,81.05995481549655,11.456817680188472,30,0.0802773248893589
26.92042253273885,81.11083224808921,17.769220811276988,36,0.05327871679143849
26.671158574897543,80.91407641930589,20.203577976833927,3,0.04716185169750855
26.893052161485546,81.05198727386419,11.191493629873731,22,0.08202440409349228
26.79797748375889,80.86573424222756,10.167593007659656,49,0.08954481053474259
26.955911039259753,81.12651962936572,21.096821651369616,22,0.045255377256394586
26.70347663033633,80.77927705555517,23.50918078156561,49,0.04080103733014782
26.88175281610142,80.98727037034041,5.112123398593464,12,0.16360926224593605
26.843150240359005,81.00742215339449,5.747555368204502,21,0.1482018220572373
26.901237189325883,81.01769640054668,8.805864695624221,4,0.10197978771277978
26.69334729401387,80.81333952836407,22.079094476878314,31,0.04332925631037411
26.87879416347413,81.10787072205034,15.983881375385241,44,0.05887935613170857
26.87213445166543,80.83522598045803,11.64829191735715,31,0.07906205885616127
26.871837633989824,80.99419122516635,5.011271923569499,23,0.16635414479905927
26.887255559974726,80.85016338848432,10.73445152115153,20,0.08521915133378706
26.91352845740149,80.88059791012766,9.863056660200968,15,0.09205512143407156
26.959796039885077,80.96672507502213,12.320889374835886,23,0.07507006265580672
26.76713545924616,80.92018963068325,9.677426279922946,28,0.09365552838143468
26.967017787664822,80.82768121635155,17.78791832783703,16,0.05322569443568183
26.849372045614846,80.83153710487151,11.752614755271333,37,0.07841529123167834
26.697740980488362,80.92053212373861,17.18130889148661,21,0.055001540646408005
26.691078334527834,81.04262187217918,19.92048863972172,15,0.04780003073643799
26.790325794730585,81.0932672728652,15.689150972315517,17,0.059919165550052916
26.95256291176013,80.80028595841338,18.720711125686826,37,0.05070811055578364
26.924765136506732,80.91151740672139,9.147673756077182,13,0.09854475262383416
26.953901387282066,80.80608840294023,18.360998693393885,19,0.05165022816417044
26.85621686031898,80.77597329302773,17.27806562813219,30,0.054710384585821656
26.828471639263977,81.00821872575183,6.252659908730423,45,0.13788044835747026
26.723082909614263,80.98688179910798,14.57966143881113,18,0.0641862471740791
26.788149391299353,80.82868688097336,13.864461030284062,14,0.067274554924168
26.826246971822595,80.85417261991351,9.867807695330798,36,0.09201487807238584
26.701896154684665,80.77853479131203,23.684301168764865,36,0.0405115783170473
26.749420302976038,81.07058099404999,16.380150828678246,20,0.057536899987653885
26.88536110586295,81.12088861457748,17.40079963906112,19,0.054345464306736174
26.93483872112611,80.81876543324609,16.073938671932925,45,0.05856879418478027
27.029405104101464,80.85333107695551,22.131132216898568,44,0.043231779172030534
27.005920799283682,81.0826274286209,21.759501688945868,7,0.043937693086035054
26.90132347183267,81.10352696726423,16.26180861926955,44,0.05793135713969675
26.821649299185868,80.92106585781046,4.2637615279249514,4,0.18997821134085724
26.899023851294967,80.78822409001687,16.946540657388084,34,0.0557210450242581
26.952834582508885,80.78418106012941,20.028046913628852,2,0.0475555340021556
26.712601028732422,80.97662195178485,15.504940787494972,5,0.06058791805891564
26.817565760290666,80.91144223920155,5.257700903871511,10,0.15980309947081692
26.972328822828825,80.78031487392796,21.63562462363791,32,0.044178149117905095
26.808179862695898,80.97997086123252,5.519798230336332,42,0.1533789796357569
26.875874017641788,80.77406891317204,17.687202607822943,41,0.05351255728245673
26.881596969910394,81.05345390493375,10.846731288423433,13,0.08441146976779958
26.736411451128113,80.88031581617322,14.400300832234883,39,0.06493379648187564
26.800404758994826,80.78449288108332,17.324272808780858,5,0.05457242480699192
26.790424063947096,80.98180679955394,7.338034290090444,10,0.11993234438823024
26.679430815071544,80.91316638919591,19.315754268994173,10,0.049222883224483385
26.67870903500089,81.12056814880857,25.48625160440188,38,0.03775543685591981
26.96941093572328,80.96591151850133,13.371294537011682,27,0.06958315393401829
26.768305491590215,80.86908610517332,12.124455508301994,21,0.0761936370897399
26.856508355845975,81.02539799126824,7.514738762511858,8,0.1174434152228763
26.77754120649196,80.86773712091538,11.470037325679103,1,0.08019222187416679
27.008644528241526,81.09552758490672,22.788846254758443,28,0.04203650691129973
26.76334683319168,80.90489990938266,10.624267366957062,49,0.08602692698230449
26.82467645258602,80.96795268259943,3.331937778982468,39,0.23084357417407106
26.98418289017446,80.78820631737672,21.907805944045787,14,0.04365324214997206
26.973096084045054,80.9234036456628,13.939383182980617,21,0.06693716787043988
26.73699651042466,81.06965087427795,17.289665303088686,30,0.05467568615545545
26.958951591526457,81.06003356993081,16.30389107482023,21,0.05779047011311524
26.83494727922564,80.85075468118727,9.987755591115297,49,0.09101039713775581
26.84386879395073,80.8513884655638,9.806967348354265,9,0.09253289732130861
26.71805279006974,81.06422991239677,18.542842235205914,17,0.05116962967641045
26.699016544952567,81.10494343126096,22.769602052491635,5,0.04207054025522382
26.932058150510557,80.80432993165829,17.086559961358695,31,0.05528967377635466
26.84872601484791,80.93202111019345,1.7892624553671241,40,0.3585177142709503
26.827266252941467,80.89148354042713,6.332292106075132,38,0.13638300077699514
26.932622962314863,81.08344784396468,16.110506478381982,43,0.05844362358667964
26.9455846436368,80.80006896928481,18.27625728766118,19,0.051877290548518695
26.72720694036097,80.8460053393209,17.116863528098367,36,0.05519719229816182
26.88968105381195,81.04088860153114,10.037078341342378,33,0.09060368777615976
26.718727469619967,80.78846578563324,21.683572165169842,13,0.04408476728085532
26.940495030970457,80.94731273705715,10.066116450545184,14,0.09036593862616853
26.906503856256172,80.9291585324847,6.614249475101753,33,0.131332707612215
27.014381263590046,80.89038442443595,19.21006334228116,29,0.049480300138788555
26.694824885888313,80.91204603351481,17.661288589698827,43,0.053586867551687054
26.690539699614455,80.96077861129488,17.763436088617127,49,0.0532951424929388
26.771587346889554,80.82809224901982,14.912804031809381,36,0.06284247565677424
